# ************************************************************
# Sequel Pro SQL dump
# Version 4541
#
# http://www.sequelpro.com/
# https://github.com/sequelpro/sequelpro
#
# Host: 127.0.0.1 (MySQL 5.5.5-10.1.36-MariaDB)
# Database: family
# Generation Time: 2018-12-09 19:58:57 +0000
# ************************************************************


/*!40101 SET @OLD_CHARACTER_SET_CLIENT=@@CHARACTER_SET_CLIENT */;
/*!40101 SET @OLD_CHARACTER_SET_RESULTS=@@CHARACTER_SET_RESULTS */;
/*!40101 SET @OLD_COLLATION_CONNECTION=@@COLLATION_CONNECTION */;
/*!40101 SET NAMES utf8 */;
/*!40014 SET @OLD_FOREIGN_KEY_CHECKS=@@FOREIGN_KEY_CHECKS, FOREIGN_KEY_CHECKS=0 */;
/*!40101 SET @OLD_SQL_MODE=@@SQL_MODE, SQL_MODE='NO_AUTO_VALUE_ON_ZERO' */;
/*!40111 SET @OLD_SQL_NOTES=@@SQL_NOTES, SQL_NOTES=0 */;


# Dump of table admin
# ------------------------------------------------------------

DROP TABLE IF EXISTS `admin`;

CREATE TABLE `admin` (
  `admin_id` int(11) NOT NULL AUTO_INCREMENT,
  `user_name` varchar(255) NOT NULL,
  `password` varchar(255) NOT NULL,
  PRIMARY KEY (`admin_id`)
) ENGINE=InnoDB DEFAULT CHARSET=utf8;

LOCK TABLES `admin` WRITE;
/*!40000 ALTER TABLE `admin` DISABLE KEYS */;

INSERT INTO `admin` (`admin_id`, `user_name`, `password`)
VALUES
	(1,'admin','12345');

/*!40000 ALTER TABLE `admin` ENABLE KEYS */;
UNLOCK TABLES;


# Dump of table birthday
# ------------------------------------------------------------

DROP TABLE IF EXISTS `birthday`;

CREATE TABLE `birthday` (
  `id` int(11) NOT NULL AUTO_INCREMENT,
  `BirthdayMessage` text,
  `WishDateTime` datetime DEFAULT NULL,
  `BirthdayMemberId` int(11) DEFAULT NULL,
  `MemberWisherId` int(11) DEFAULT NULL,
  `Status` int(3) DEFAULT '1',
  PRIMARY KEY (`id`)
) ENGINE=InnoDB DEFAULT CHARSET=latin1;

LOCK TABLES `birthday` WRITE;
/*!40000 ALTER TABLE `birthday` DISABLE KEYS */;

INSERT INTO `birthday` (`id`, `BirthdayMessage`, `WishDateTime`, `BirthdayMemberId`, `MemberWisherId`, `Status`)
VALUES
	(1,'happy Birthday day May Allah Bless you','2018-10-21 02:59:59',18,14,1),
	(2,'happy birthay day','2018-10-21 03:06:35',29,14,1),
	(3,'janam din mubarak','2018-10-21 03:08:13',18,14,1),
	(4,'happy','2018-12-02 09:35:44',21,41,1);

/*!40000 ALTER TABLE `birthday` ENABLE KEYS */;
UNLOCK TABLES;


# Dump of table comments
# ------------------------------------------------------------

DROP TABLE IF EXISTS `comments`;

CREATE TABLE `comments` (
  `id` int(11) unsigned NOT NULL AUTO_INCREMENT,
  PRIMARY KEY (`id`)
) ENGINE=InnoDB DEFAULT CHARSET=utf8;



# Dump of table event_members
# ------------------------------------------------------------

DROP TABLE IF EXISTS `event_members`;

CREATE TABLE `event_members` (
  `EventId` int(11) DEFAULT NULL,
  `MemberId` int(11) DEFAULT NULL,
  KEY `MemberId` (`MemberId`),
  KEY `EventId` (`EventId`)
) ENGINE=InnoDB DEFAULT CHARSET=latin1;

LOCK TABLES `event_members` WRITE;
/*!40000 ALTER TABLE `event_members` DISABLE KEYS */;

INSERT INTO `event_members` (`EventId`, `MemberId`)
VALUES
	(1,1),
	(1,18),
	(1,41);

/*!40000 ALTER TABLE `event_members` ENABLE KEYS */;
UNLOCK TABLES;


# Dump of table events
# ------------------------------------------------------------

DROP TABLE IF EXISTS `events`;

CREATE TABLE `events` (
  `EventId` int(11) NOT NULL AUTO_INCREMENT,
  `EventName` varchar(255) DEFAULT NULL,
  `Description` text,
  `DateTime` datetime DEFAULT NULL,
  `Location` varchar(255) DEFAULT NULL,
  `EventOrganizorId` int(11) NOT NULL,
  PRIMARY KEY (`EventId`)
) ENGINE=InnoDB DEFAULT CHARSET=utf8;

LOCK TABLES `events` WRITE;
/*!40000 ALTER TABLE `events` DISABLE KEYS */;

INSERT INTO `events` (`EventId`, `EventName`, `Description`, `DateTime`, `Location`, `EventOrganizorId`)
VALUES
	(1,'asdas','','2222-02-05 12:11:00','',21);

/*!40000 ALTER TABLE `events` ENABLE KEYS */;
UNLOCK TABLES;


# Dump of table expenses
# ------------------------------------------------------------

DROP TABLE IF EXISTS `expenses`;

CREATE TABLE `expenses` (
  `ExpenseId` int(11) unsigned NOT NULL AUTO_INCREMENT,
  `MemberId` int(11) NOT NULL,
  `Amount` double(12,2) DEFAULT '0.00',
  `DateTime` datetime DEFAULT NULL,
  PRIMARY KEY (`ExpenseId`)
) ENGINE=InnoDB DEFAULT CHARSET=utf8;

LOCK TABLES `expenses` WRITE;
/*!40000 ALTER TABLE `expenses` DISABLE KEYS */;

INSERT INTO `expenses` (`ExpenseId`, `MemberId`, `Amount`, `DateTime`)
VALUES
	(2,1,234.00,'2018-11-03 00:00:00'),
	(3,18,200000.00,'2018-11-03 00:00:00'),
	(4,21,121212.00,'2018-12-02 00:00:00');

/*!40000 ALTER TABLE `expenses` ENABLE KEYS */;
UNLOCK TABLES;


# Dump of table expenses_items
# ------------------------------------------------------------

DROP TABLE IF EXISTS `expenses_items`;

CREATE TABLE `expenses_items` (
  `ExpenceItemsId` int(11) NOT NULL AUTO_INCREMENT,
  `ExpenseId` int(11) DEFAULT NULL,
  `Amount` int(11) NOT NULL,
  `Item` varchar(199) CHARACTER SET latin1 NOT NULL,
  PRIMARY KEY (`ExpenceItemsId`)
) ENGINE=InnoDB DEFAULT CHARSET=utf8;

LOCK TABLES `expenses_items` WRITE;
/*!40000 ALTER TABLE `expenses_items` DISABLE KEYS */;

INSERT INTO `expenses_items` (`ExpenceItemsId`, `ExpenseId`, `Amount`, `Item`)
VALUES
	(1,1,243,'dscf'),
	(2,2,234,'234'),
	(3,3,200000,'test'),
	(4,4,121212,'asdsa');

/*!40000 ALTER TABLE `expenses_items` ENABLE KEYS */;
UNLOCK TABLES;


# Dump of table grocery
# ------------------------------------------------------------

DROP TABLE IF EXISTS `grocery`;

CREATE TABLE `grocery` (
  `id` int(11) unsigned NOT NULL AUTO_INCREMENT,
  PRIMARY KEY (`id`)
) ENGINE=InnoDB DEFAULT CHARSET=utf8;



# Dump of table grocery_items
# ------------------------------------------------------------

DROP TABLE IF EXISTS `grocery_items`;

CREATE TABLE `grocery_items` (
  `id` int(11) unsigned NOT NULL AUTO_INCREMENT,
  PRIMARY KEY (`id`)
) ENGINE=InnoDB DEFAULT CHARSET=utf8;



# Dump of table member_detail
# ------------------------------------------------------------

DROP TABLE IF EXISTS `member_detail`;

CREATE TABLE `member_detail` (
  `member_id` int(11) NOT NULL AUTO_INCREMENT,
  `parent_id` int(11) DEFAULT NULL,
  `first_name` varchar(255) NOT NULL,
  `last_name` varchar(255) NOT NULL,
  `member_img` varchar(255) DEFAULT NULL,
  PRIMARY KEY (`member_id`)
) ENGINE=InnoDB DEFAULT CHARSET=latin1;

LOCK TABLES `member_detail` WRITE;
/*!40000 ALTER TABLE `member_detail` DISABLE KEYS */;

INSERT INTO `member_detail` (`member_id`, `parent_id`, `first_name`, `last_name`, `member_img`)
VALUES
	(1,NULL,'AAA','AA','159'),
	(2,1,'BB','AAA','123'),
	(3,1,'CC','AAA','1597'),
	(4,2,'DD','BB',''),
	(5,2,'EE','BB',''),
	(6,2,'FF','BB',''),
	(7,3,'HH','CC',''),
	(8,3,'WW','CC','1596'),
	(9,4,'II','DD','dd'),
	(10,6,'KK','FF',''),
	(11,6,'KB','FF',''),
	(12,5,'LL','EE',''),
	(13,5,'MM','EE',''),
	(14,4,'JJ','JJ',''),
	(15,7,'OO','HH','456'),
	(16,8,'JI','WW','519'),
	(17,12,'PP','LL','789'),
	(18,10,'RK','KK',NULL),
	(19,10,'VK','KK',''),
	(20,8,'YY','BB',''),
	(21,18,'RJ','LL',''),
	(22,2,'GG','BB',''),
	(23,21,'RT','RJ','159');

/*!40000 ALTER TABLE `member_detail` ENABLE KEYS */;
UNLOCK TABLES;


# Dump of table members
# ------------------------------------------------------------

DROP TABLE IF EXISTS `members`;

CREATE TABLE `members` (
  `MemberId` int(11) NOT NULL AUTO_INCREMENT,
  `Admin` int(11) DEFAULT '0',
  `UserName` varchar(50) DEFAULT NULL,
  `Password` varchar(50) DEFAULT NULL,
  `MemberName` varchar(255) DEFAULT '',
  `Photo` varchar(255) DEFAULT NULL,
  `Qualification` varchar(255) DEFAULT '',
  `ContactNumber` varchar(255) DEFAULT '',
  `CNIC` varchar(255) DEFAULT NULL,
  `Email` varchar(255) DEFAULT NULL,
  `Gender` varchar(255) DEFAULT NULL,
  `SchoolName` varchar(255) DEFAULT NULL,
  `SchoolFees` varchar(255) DEFAULT NULL,
  `SchoolContactNumber` varchar(255) DEFAULT NULL,
  `SchoolLatitude` varchar(255) DEFAULT NULL,
  `SchoolLongitude` varchar(255) DEFAULT NULL,
  `SchoolAddress` varchar(255) DEFAULT NULL,
  `MonthlyPocketMoney` varchar(255) DEFAULT NULL,
  `AccountBalance` varchar(255) DEFAULT NULL,
  `MotherId` int(11) DEFAULT NULL,
  `FatherId` int(11) DEFAULT NULL,
  `DateOfBirth` date DEFAULT NULL,
  PRIMARY KEY (`MemberId`)
) ENGINE=InnoDB DEFAULT CHARSET=utf8;

LOCK TABLES `members` WRITE;
/*!40000 ALTER TABLE `members` DISABLE KEYS */;

INSERT INTO `members` (`MemberId`, `Admin`, `UserName`, `Password`, `MemberName`, `Photo`, `Qualification`, `ContactNumber`, `CNIC`, `Email`, `Gender`, `SchoolName`, `SchoolFees`, `SchoolContactNumber`, `SchoolLatitude`, `SchoolLongitude`, `SchoolAddress`, `MonthlyPocketMoney`, `AccountBalance`, `MotherId`, `FatherId`, `DateOfBirth`)
VALUES
	(1,1,'admin','admin','Abdul Jabbar Memon',NULL,'','23','3423423','jabbarmemon02@gmail.com','0','','','','','e3','','',NULL,15,18,NULL),
	(18,1,'jabbar','jabbar','hello worlds','94948.png','BA','23423','234','jabbarmemon02@gmail.com','1','BFC','1234134','03363084077','12313','132121231231','Qasimabad Hyderabad','2000','0',46,42,'2018-12-09'),
	(21,0,'admin3','admin3','testing',NULL,'sdfsd','03363084077','43535','jabbarmemon02@gmail.com','1','f','','32424','','','Qasimabad Hyderabad','23423','23302209',0,46,'2018-12-09'),
	(41,0,'test','test','test','25157.png','','','','','1','','','','','','','','',41,0,'2018-12-09'),
	(42,0,'new','new','new ','93421.png','','','','','0','','','','','','','','',0,0,'2018-12-09'),
	(43,1,'adminasd','adminasd','asdasd','10587.png','','','','','0','','','','','','','','',0,0,'2018-12-11'),
	(44,1,'adminasdasd','adminasd','asdasd','23836.png','','','','','0','','','','','','','','',0,0,'2018-12-09'),
	(45,0,'admin234234','admin234','322322','','','','','','0','','','','','','','','',0,0,'2018-12-09'),
	(46,1,'adminsadfsdf','adminsdfsd','sdfvf ','83463.png','','','','','0','','','','','','','','',0,0,'2018-12-24');

/*!40000 ALTER TABLE `members` ENABLE KEYS */;
UNLOCK TABLES;


# Dump of table monthly_income
# ------------------------------------------------------------

DROP TABLE IF EXISTS `monthly_income`;

CREATE TABLE `monthly_income` (
  `MonthlyIncomeId` int(11) unsigned NOT NULL AUTO_INCREMENT,
  `MemberId` int(11) DEFAULT NULL,
  `Income` double DEFAULT NULL,
  `MonthlyIncomeAddedOn` datetime DEFAULT NULL,
  `MonthlyIncomeAddedBy` int(11) DEFAULT NULL,
  PRIMARY KEY (`MonthlyIncomeId`)
) ENGINE=InnoDB DEFAULT CHARSET=utf8;



# Dump of table places
# ------------------------------------------------------------

DROP TABLE IF EXISTS `places`;

CREATE TABLE `places` (
  `PlaceId` int(11) NOT NULL AUTO_INCREMENT,
  `PlaceName` varchar(255) DEFAULT NULL,
  `MemberId` int(11) DEFAULT NULL,
  `Latitude` double DEFAULT NULL,
  `Longitude` double DEFAULT NULL,
  PRIMARY KEY (`PlaceId`)
) ENGINE=InnoDB DEFAULT CHARSET=latin1;

LOCK TABLES `places` WRITE;
/*!40000 ALTER TABLE `places` DISABLE KEYS */;

INSERT INTO `places` (`PlaceId`, `PlaceName`, `MemberId`, `Latitude`, `Longitude`)
VALUES
	(1,'Karachi',1,12313,123123);

/*!40000 ALTER TABLE `places` ENABLE KEYS */;
UNLOCK TABLES;


# Dump of table places_members
# ------------------------------------------------------------

DROP TABLE IF EXISTS `places_members`;

CREATE TABLE `places_members` (
  `PlaceId` int(11) NOT NULL,
  `MemberId` int(11) NOT NULL,
  PRIMARY KEY (`PlaceId`,`MemberId`)
) ENGINE=InnoDB DEFAULT CHARSET=latin1;

LOCK TABLES `places_members` WRITE;
/*!40000 ALTER TABLE `places_members` DISABLE KEYS */;

INSERT INTO `places_members` (`PlaceId`, `MemberId`)
VALUES
	(1,18),
	(1,21),
	(1,41);

/*!40000 ALTER TABLE `places_members` ENABLE KEYS */;
UNLOCK TABLES;


# Dump of table polls
# ------------------------------------------------------------

DROP TABLE IF EXISTS `polls`;

CREATE TABLE `polls` (
  `PollId` int(11) NOT NULL AUTO_INCREMENT,
  `Question` text CHARACTER SET utf8,
  `Answer1` text CHARACTER SET utf8,
  `Answer2` text CHARACTER SET utf8,
  `Answer3` text CHARACTER SET utf8,
  `Answer4` text CHARACTER SET utf8,
  `Answer5` text CHARACTER SET utf8,
  `Answer6` text CHARACTER SET utf8,
  `PollStartDateTime` datetime DEFAULT NULL,
  `PollEndDateTime` datetime DEFAULT NULL,
  `Status` tinyint(3) DEFAULT '1',
  `StatusUpdates` text CHARACTER SET utf8,
  `Notes` text CHARACTER SET utf8,
  `PollAddedOn` datetime DEFAULT NULL,
  `PollAddedBy` int(11) DEFAULT NULL,
  PRIMARY KEY (`PollId`),
  KEY `PollAddedBy` (`PollAddedBy`)
) ENGINE=InnoDB DEFAULT CHARSET=latin1;

LOCK TABLES `polls` WRITE;
/*!40000 ALTER TABLE `polls` DISABLE KEYS */;

INSERT INTO `polls` (`PollId`, `Question`, `Answer1`, `Answer2`, `Answer3`, `Answer4`, `Answer5`, `Answer6`, `PollStartDateTime`, `PollEndDateTime`, `Status`, `StatusUpdates`, `Notes`, `PollAddedOn`, `PollAddedBy`)
VALUES
	(2,'test','a','b','1','d',NULL,NULL,'2018-10-28 11:11:00','2018-10-29 11:11:00',1,NULL,'ads','2018-10-28 00:00:00',1),
	(3,'hello','1','2','41','4',NULL,NULL,'2018-12-02 14:33:00','2018-12-19 00:12:00',1,NULL,'asd','2018-12-02 00:00:00',41);

/*!40000 ALTER TABLE `polls` ENABLE KEYS */;
UNLOCK TABLES;


# Dump of table polls_answers
# ------------------------------------------------------------

DROP TABLE IF EXISTS `polls_answers`;

CREATE TABLE `polls_answers` (
  `id` int(11) unsigned NOT NULL AUTO_INCREMENT,
  `QuestionId` int(3) DEFAULT NULL,
  `AnswerId` int(3) DEFAULT NULL,
  `MemberId` int(11) DEFAULT NULL,
  PRIMARY KEY (`id`),
  KEY `QuestionId` (`QuestionId`)
) ENGINE=InnoDB DEFAULT CHARSET=utf8;

LOCK TABLES `polls_answers` WRITE;
/*!40000 ALTER TABLE `polls_answers` DISABLE KEYS */;

INSERT INTO `polls_answers` (`id`, `QuestionId`, `AnswerId`, `MemberId`)
VALUES
	(1,1,3,1),
	(2,1,1,1),
	(3,1,2,1),
	(4,1,3,1),
	(5,1,2,1),
	(6,1,2,1),
	(33,2,3,14),
	(34,2,2,1),
	(35,1,1,18),
	(36,1,2,16),
	(37,2,2,16),
	(38,3,1,41),
	(39,3,1,21);

/*!40000 ALTER TABLE `polls_answers` ENABLE KEYS */;
UNLOCK TABLES;


# Dump of table polls_members
# ------------------------------------------------------------

DROP TABLE IF EXISTS `polls_members`;

CREATE TABLE `polls_members` (
  `MemberId` int(11) DEFAULT NULL,
  `PollId` int(11) DEFAULT NULL,
  `Answer` int(11) DEFAULT '0',
  KEY `MemberId` (`MemberId`),
  KEY `PollId` (`PollId`)
) ENGINE=InnoDB DEFAULT CHARSET=latin1;

LOCK TABLES `polls_members` WRITE;
/*!40000 ALTER TABLE `polls_members` DISABLE KEYS */;

INSERT INTO `polls_members` (`MemberId`, `PollId`, `Answer`)
VALUES
	(1,1,NULL),
	(15,1,NULL),
	(16,1,NULL),
	(18,1,NULL),
	(1,2,0),
	(16,2,0),
	(1,3,0),
	(18,3,0),
	(21,3,0),
	(41,3,0);

/*!40000 ALTER TABLE `polls_members` ENABLE KEYS */;
UNLOCK TABLES;


# Dump of table todo
# ------------------------------------------------------------

DROP TABLE IF EXISTS `todo`;

CREATE TABLE `todo` (
  `TodoId` int(11) unsigned NOT NULL AUTO_INCREMENT,
  `Title` varchar(255) DEFAULT NULL,
  `Description` text,
  `TodoDate` date DEFAULT NULL,
  `TodoMemberId` int(11) DEFAULT NULL,
  `DeadlineDate` date DEFAULT NULL,
  PRIMARY KEY (`TodoId`)
) ENGINE=InnoDB DEFAULT CHARSET=utf8;

LOCK TABLES `todo` WRITE;
/*!40000 ALTER TABLE `todo` DISABLE KEYS */;

INSERT INTO `todo` (`TodoId`, `Title`, `Description`, `TodoDate`, `TodoMemberId`, `DeadlineDate`)
VALUES
	(15,'vege','asd','2018-12-09',1,'2018-12-09'),
	(16,'jabbar','here','2018-12-09',1,'2018-12-09'),
	(17,'jabbar','here','2018-12-09',1,'2018-12-09'),
	(18,'jabbar','here','2018-12-09',1,'2018-12-09'),
	(19,'jabbar','here','2018-12-09',1,'2018-12-09'),
	(20,'jabbar','here','2018-12-09',1,'2018-12-09'),
	(21,'jabbar','here','2018-12-09',1,'2018-12-09'),
	(22,'jabbar','here','2018-12-09',1,'2018-12-09'),
	(23,'jabbar','here','2018-12-09',1,'2018-12-09'),
	(24,'jabbar','here','2018-12-09',1,'2018-12-09'),
	(25,'jabbar','here','2018-12-09',1,'2018-12-09'),
	(26,'jabbar','here','2018-12-09',1,'2018-12-09'),
	(27,'jabbar','here','2018-12-09',1,'2018-12-09'),
	(28,'jabbar','here','2018-12-09',1,'2018-12-09'),
	(29,'jabbar','here','2018-12-09',1,'2018-12-09'),
	(30,'jabbar','here','2018-12-09',1,'2018-12-09'),
	(31,'jabbar','here','2018-12-09',1,'2018-12-09'),
	(32,'jabbar','here','2018-12-09',1,'2018-12-09'),
	(33,'jabbar','here','2018-12-09',1,'2018-12-09'),
	(34,'jabbar','here','2018-12-09',1,'2018-12-09'),
	(35,'jabbar','here','2018-12-09',1,'2018-12-09'),
	(36,'jabbar','here','2018-12-09',1,'2018-12-09'),
	(37,'jabbar','here','2018-12-09',1,'2018-12-09'),
	(38,'jabbar','here','2018-12-09',1,'2018-12-09'),
	(39,'jabbar','here','2018-12-09',1,'2018-12-09'),
	(40,'jabbar','here','2018-12-09',1,'2018-12-09'),
	(41,'jabbar','here','2018-12-09',1,'2018-12-09'),
	(42,'jabbar','here','2018-12-09',1,'2018-12-09'),
	(43,'jabbar','here','2018-12-09',1,'2018-12-09'),
	(44,'jabbar','here','2018-12-09',1,'2018-12-09'),
	(45,'jabbar','here','2018-12-09',1,'2018-12-09'),
	(46,'jabbar','here','2018-12-09',1,'2018-12-09'),
	(47,'jabbar','here','2018-12-09',1,'2018-12-09'),
	(48,'jabbar','here','2018-12-09',1,'2018-12-09'),
	(49,'jabbar','here','2018-12-09',1,'2018-12-09'),
	(50,'jabbar','here','2018-12-09',1,'2018-12-09'),
	(51,'jabbar','here','2018-12-09',1,'2018-12-09'),
	(52,'jabbar','here','2018-12-09',1,'2018-12-09'),
	(53,'jabbar','here','2018-12-09',1,'2018-12-09'),
	(54,'jabbar','here','2018-12-09',1,'2018-12-09'),
	(55,'jabbar','here','2018-12-09',1,'2018-12-09'),
	(56,'jabbar','here','2018-12-09',1,'2018-12-09'),
	(57,'jabbar','here','2018-12-09',1,'2018-12-09'),
	(58,'jabbar','here','2018-12-09',1,'2018-12-09'),
	(59,'jabbar','here','2018-12-09',1,'2018-12-09'),
	(60,'jabbar','here','2018-12-09',1,'2018-12-09'),
	(61,'jabbar','here','2018-12-09',1,'2018-12-09'),
	(62,'jabbar','here','2018-12-09',1,'2018-12-09'),
	(63,'jabbar','here','2018-12-09',1,'2018-12-09'),
	(64,'jabbar','here','2018-12-09',1,'2018-12-09'),
	(65,'jabbar','here','2018-12-09',1,'2018-12-09'),
	(66,'jabbar','here','2018-12-09',1,'2018-12-09'),
	(67,'jabbar','here','2018-12-09',1,'2018-12-09'),
	(68,'jabbar','here','2018-12-09',1,'2018-12-09'),
	(69,'jabbar','here','2018-12-09',1,'2018-12-09'),
	(70,'jabbar','here','2018-12-09',1,'2018-12-09'),
	(71,'jabbar','here','2018-12-09',1,'2018-12-09'),
	(72,'jabbar','here','2018-12-09',1,'2018-12-09'),
	(73,'jabbar','here','2018-12-09',1,'2018-12-09'),
	(74,'jabbar','here','2018-12-09',1,'2018-12-09'),
	(75,'jabbar','here','2018-12-09',1,'2018-12-09'),
	(76,'jabbar','here','2018-12-09',1,'2018-12-09'),
	(77,'jabbar','here','2018-12-09',1,'2018-12-09'),
	(78,'jabbar','here','2018-12-09',1,'2018-12-09'),
	(79,'jabbar','here','2018-12-09',1,'2018-12-09'),
	(80,'jabbar','here','2018-12-09',1,'2018-12-09'),
	(81,'jabbar','here','2018-12-09',1,'2018-12-09'),
	(82,'jabbar','here','2018-12-09',1,'2018-12-09'),
	(83,'jabbar','here','2018-12-09',1,'2018-12-09'),
	(84,'jabbar','here','2018-12-09',1,'2018-12-09'),
	(85,'jabbar','here','2018-12-09',1,'2018-12-09'),
	(86,'jabbar','here','2018-12-09',1,'2018-12-09'),
	(87,'jabbar','here','2018-12-09',1,'2018-12-09'),
	(88,'jabbar','here','2018-12-09',1,'2018-12-09'),
	(89,'jabbar','here','2018-12-09',1,'2018-12-09'),
	(90,'jabbar','here','2018-12-09',1,'2018-12-09'),
	(91,'jabbar','here','2018-12-09',1,'2018-12-09'),
	(92,'jabbar','here','2018-12-09',1,'2018-12-09'),
	(93,'jabbar','here','2018-12-09',1,'2018-12-09'),
	(94,'jabbar','here','2018-12-09',1,'2018-12-09'),
	(95,'jabbar','here','2018-12-09',1,'2018-12-09'),
	(96,'jabbar','here','2018-12-09',1,'2018-12-09'),
	(97,'jabbar','here','2018-12-09',1,'2018-12-09'),
	(98,'jabbar','here','2018-12-09',1,'2018-12-09'),
	(99,'jabbar','here','2018-12-09',1,'2018-12-09'),
	(100,'jabbar','here','2018-12-09',1,'2018-12-09'),
	(101,'jabbar','here','2018-12-09',1,'2018-12-09'),
	(102,'jabbar','here','2018-12-09',1,'2018-12-09'),
	(103,'jabbar','here','2018-12-09',1,'2018-12-09'),
	(104,'jabbar','here','2018-12-09',1,'2018-12-09'),
	(105,'jabbar','here','2018-12-09',1,'2018-12-09'),
	(106,'jabbar','here','2018-12-09',1,'2018-12-09'),
	(107,'jabbar','here','2018-12-09',1,'2018-12-09'),
	(108,'jabbar','here','2018-12-09',1,'2018-12-09'),
	(109,'jabbar','here','2018-12-09',1,'2018-12-09'),
	(110,'jabbar','here','2018-12-09',1,'2018-12-09'),
	(111,'jabbar','here','2018-12-09',1,'2018-12-09'),
	(112,'jabbar','here','2018-12-09',1,'2018-12-09'),
	(113,'jabbar','here','2018-12-09',1,'2018-12-09'),
	(114,'jabbar','here','2018-12-09',1,'2018-12-09'),
	(115,'jabbar','here','2018-12-09',1,'2018-12-09'),
	(116,'jabbar','here','2018-12-09',1,'2018-12-09'),
	(117,'jabbar','here','2018-12-09',1,'2018-12-09'),
	(118,'jabbar','here','2018-12-09',1,'2018-12-09'),
	(119,'jabbar','here','2018-12-09',1,'2018-12-09'),
	(120,'jabbar','here','2018-12-09',1,'2018-12-09'),
	(121,'jabbar','here','2018-12-09',1,'2018-12-09'),
	(122,'jabbar','here','2018-12-09',1,'2018-12-09'),
	(123,'jabbar','here','2018-12-09',1,'2018-12-09'),
	(124,'jabbar','here','2018-12-09',1,'2018-12-09'),
	(125,'jabbar','here','2018-12-09',1,'2018-12-09'),
	(126,'jabbar','here','2018-12-09',1,'2018-12-09'),
	(127,'jabbar','here','2018-12-09',1,'2018-12-09'),
	(128,'jabbar','here','2018-12-09',1,'2018-12-09'),
	(129,'jabbar','here','2018-12-09',1,'2018-12-09'),
	(130,'jabbar','here','2018-12-09',1,'2018-12-09'),
	(131,'jabbar','here','2018-12-09',1,'2018-12-09'),
	(132,'jabbar','here','2018-12-09',1,'2018-12-09'),
	(133,'jabbar','here','2018-12-09',1,'2018-12-09'),
	(134,'jabbar','here','2018-12-09',1,'2018-12-09'),
	(135,'jabbar','here','2018-12-09',1,'2018-12-09'),
	(136,'jabbar','here','2018-12-09',1,'2018-12-09'),
	(137,'jabbar','here','2018-12-09',1,'2018-12-09'),
	(138,'jabbar','here','2018-12-09',1,'2018-12-09'),
	(139,'jabbar','here','2018-12-09',1,'2018-12-09'),
	(140,'jabbar','here','2018-12-09',1,'2018-12-09'),
	(141,'jabbar','here','2018-12-09',1,'2018-12-09'),
	(142,'jabbar','here','2018-12-09',1,'2018-12-09'),
	(143,'jabbar','here','2018-12-09',1,'2018-12-09'),
	(144,'jabbar','here','2018-12-09',1,'2018-12-09'),
	(145,'jabbar','here','2018-12-09',1,'2018-12-09'),
	(146,'jabbar','here','2018-12-09',1,'2018-12-09'),
	(147,'jabbar','here','2018-12-09',1,'2018-12-09'),
	(148,'jabbar','here','2018-12-09',1,'2018-12-09'),
	(149,'jabbar','here','2018-12-09',1,'2018-12-09'),
	(150,'jabbar','here','2018-12-09',1,'2018-12-09'),
	(151,'jabbar','here','2018-12-09',1,'2018-12-09'),
	(152,'jabbar','here','2018-12-09',1,'2018-12-09'),
	(153,'jabbar','here','2018-12-09',1,'2018-12-09'),
	(154,'jabbar','here','2018-12-09',1,'2018-12-09'),
	(155,'jabbar','here','2018-12-09',1,'2018-12-09'),
	(156,'jabbar','here','2018-12-09',1,'2018-12-09'),
	(157,'jabbar','here','2018-12-09',1,'2018-12-09'),
	(158,'jabbar','here','2018-12-09',1,'2018-12-09'),
	(159,'jabbar','here','2018-12-09',1,'2018-12-09'),
	(160,'jabbar','here','2018-12-09',1,'2018-12-09'),
	(161,'jabbar','here','2018-12-09',1,'2018-12-09'),
	(162,'jabbar','here','2018-12-09',1,'2018-12-09'),
	(163,'jabbar','here','2018-12-09',1,'2018-12-09'),
	(164,'jabbar','here','2018-12-09',1,'2018-12-09'),
	(165,'jabbar','here','2018-12-09',1,'2018-12-09'),
	(166,'jabbar','here','2018-12-09',1,'2018-12-09'),
	(167,'jabbar','here','2018-12-09',1,'2018-12-09'),
	(168,'jabbar','here','2018-12-09',1,'2018-12-09'),
	(169,'jabbar','here','2018-12-09',1,'2018-12-09'),
	(170,'jabbar','here','2018-12-09',1,'2018-12-09'),
	(171,'jabbar','here','2018-12-09',1,'2018-12-09'),
	(172,'jabbar','here','2018-12-09',1,'2018-12-09'),
	(173,'jabbar','here','2018-12-09',1,'2018-12-09'),
	(174,'jabbar','here','2018-12-09',1,'2018-12-09'),
	(175,'jabbar','here','2018-12-09',1,'2018-12-09'),
	(176,'jabbar','here','2018-12-09',1,'2018-12-09'),
	(177,'jabbar','here','2018-12-09',1,'2018-12-09'),
	(178,'jabbar','here','2018-12-09',1,'2018-12-09'),
	(179,'jabbar','here','2018-12-09',1,'2018-12-09'),
	(180,'jabbar','here','2018-12-09',1,'2018-12-09'),
	(181,'jabbar','here','2018-12-09',1,'2018-12-09'),
	(182,'jabbar','here','2018-12-09',1,'2018-12-09'),
	(183,'jabbar','here','2018-12-09',1,'2018-12-09'),
	(184,'jabbar','here','2018-12-09',1,'2018-12-09'),
	(185,'jabbar','here','2018-12-09',1,'2018-12-09'),
	(186,'jabbar','here','2018-12-09',1,'2018-12-09'),
	(187,'jabbar','here','2018-12-09',1,'2018-12-09'),
	(188,'jabbar','here','2018-12-09',1,'2018-12-09'),
	(189,'jabbar','here','2018-12-09',1,'2018-12-09'),
	(190,'jabbar','here','2018-12-09',1,'2018-12-09'),
	(191,'jabbar','here','2018-12-09',1,'2018-12-09'),
	(192,'jabbar','here','2018-12-09',1,'2018-12-09'),
	(193,'jabbar','here','2018-12-09',1,'2018-12-09'),
	(194,'jabbar','here','2018-12-09',1,'2018-12-09'),
	(195,'jabbar','here','2018-12-09',1,'2018-12-09'),
	(196,'jabbar','here','2018-12-09',1,'2018-12-09'),
	(197,'jabbar','here','2018-12-09',1,'2018-12-09'),
	(198,'jabbar','here','2018-12-09',1,'2018-12-09'),
	(199,'jabbar','here','2018-12-09',1,'2018-12-09');

/*!40000 ALTER TABLE `todo` ENABLE KEYS */;
UNLOCK TABLES;


# Dump of table tracking
# ------------------------------------------------------------

DROP TABLE IF EXISTS `tracking`;

CREATE TABLE `tracking` (
  `TrackingId` int(11) unsigned NOT NULL AUTO_INCREMENT,
  `MemberId` int(11) DEFAULT NULL,
  `Latitude` varchar(255) DEFAULT NULL,
  `Longitude` varchar(255) DEFAULT NULL,
  `LocationDate` datetime DEFAULT NULL,
  PRIMARY KEY (`TrackingId`)
) ENGINE=InnoDB DEFAULT CHARSET=latin1;

LOCK TABLES `tracking` WRITE;
/*!40000 ALTER TABLE `tracking` DISABLE KEYS */;

INSERT INTO `tracking` (`TrackingId`, `MemberId`, `Latitude`, `Longitude`, `LocationDate`)
VALUES
	(65,1,'25.39695107710175','68.33565849117213','2018-12-09 13:10:36'),
	(66,1,'25.3969510266855','68.33565849829603','2018-12-09 13:10:37'),
	(67,1,'25.39695098215509','68.33565847476153','2018-12-09 13:10:38'),
	(68,1,'25.396950899290573','68.3356584345965','2018-12-09 13:10:39'),
	(69,1,'25.39695083918708','68.33565842604516','2018-12-09 13:10:40'),
	(70,1,'25.39695079004147','68.33565840998514','2018-12-09 13:10:41'),
	(71,1,'25.396950727297853','68.33565836777531','2018-12-09 13:10:42'),
	(72,1,'25.396950667320453','68.33565838496801','2018-12-09 13:10:43'),
	(73,1,'25.39695062567473','68.3356583772939','2018-12-09 13:10:44'),
	(74,1,'25.396950604799628','68.33565843066651','2018-12-09 13:10:45'),
	(75,1,'25.39695056624881','68.33565848275613','2018-12-09 13:10:46'),
	(76,1,'25.39695055088608','68.33565858318707','2018-12-09 13:10:47'),
	(77,1,'25.396950507934392','68.3356586725032','2018-12-09 13:10:48'),
	(78,1,'25.396950455243402','68.33565876967793','2018-12-09 13:10:49'),
	(79,1,'25.396950408213353','68.33565884500844','2018-12-09 13:10:50'),
	(80,1,'25.396950332760827','68.33565888599838','2018-12-09 13:10:51'),
	(81,1,'25.39695026772455','68.33565885081094','2018-12-09 13:10:52'),
	(84,18,'25.396954728504454','68.33565690193213','2018-12-09 13:21:38'),
	(85,18,'25.3969651','68.3356143','2018-12-09 13:23:03'),
	(86,18,'25.3969651','68.3356143','2018-12-09 13:23:03'),
	(87,18,'25.397092186939208','68.33568943289272','2018-12-09 13:23:06'),
	(88,18,'25.39706817316583','68.33566468717105','2018-12-09 13:23:07'),
	(89,18,'25.39706229438771','68.33566414855703','2018-12-09 13:23:08'),
	(90,18,'25.396981162072127','68.33570110818461','2018-12-09 13:23:09'),
	(91,18,'25.396956268237304','68.33572493233116','2018-12-09 13:23:10'),
	(92,18,'25.39695452436963','68.33571633129395','2018-12-09 13:23:11'),
	(93,18,'25.3969549372351','68.3356985048359','2018-12-09 13:23:12'),
	(94,18,'25.396951373542176','68.3356923058665','2018-12-09 13:23:13'),
	(95,18,'25.396952265458832','68.33568526266227','2018-12-09 13:23:14'),
	(96,18,'25.396952399334694','68.3356798234208','2018-12-09 13:23:15'),
	(97,18,'25.396952632434935','68.33567721752253','2018-12-09 13:23:16'),
	(98,18,'25.396952042269294','68.33567241730584','2018-12-09 13:23:17'),
	(99,18,'25.396952023256734','68.33567229193632','2018-12-09 13:23:18'),
	(100,18,'25.396952013885976','68.3356723116706','2018-12-09 13:23:19'),
	(101,18,'25.396952005088274','68.33567224246643','2018-12-09 13:23:20'),
	(102,18,'25.396951985377225','68.33567218509262','2018-12-09 13:23:21'),
	(103,18,'25.396951973876046','68.33567218031465','2018-12-09 13:23:22'),
	(104,18,'25.396951995740622','68.3356720955261','2018-12-09 13:23:23'),
	(105,18,'25.396951997336316','68.33567205726409','2018-12-09 13:23:24'),
	(106,18,'25.396952010518223','68.33567193420829','2018-12-09 13:23:25'),
	(107,18,'25.3969519684755','68.33567192348676','2018-12-09 13:23:26'),
	(108,18,'25.39695183967617','68.33567195178954','2018-12-09 13:23:27'),
	(109,18,'25.396951637762463','68.33567193742569','2018-12-09 13:23:28'),
	(110,18,'25.396951637762463','68.33567193742569','2018-12-09 13:23:29'),
	(111,18,'25.396951637762463','68.33567193742569','2018-12-09 13:23:30'),
	(112,18,'25.396951637762463','68.33567193742569','2018-12-09 13:23:31'),
	(113,18,'25.396951637762463','68.33567193742569','2018-12-09 13:23:32'),
	(114,18,'25.396951637762463','68.33567193742569','2018-12-09 13:23:33'),
	(115,18,'25.396951637762463','68.33567193742569','2018-12-09 13:23:34'),
	(116,18,'25.396951637762463','68.33567193742569','2018-12-09 13:23:35'),
	(117,18,'25.396951637762463','68.33567193742569','2018-12-09 13:23:36'),
	(118,18,'25.396951637762463','68.33567193742569','2018-12-09 13:23:37'),
	(119,18,'25.396951637762463','68.33567193742569','2018-12-09 13:23:38'),
	(120,18,'25.396951637762463','68.33567193742569','2018-12-09 13:23:39'),
	(121,18,'25.396951637762463','68.33567193742569','2018-12-09 13:23:40'),
	(122,18,'25.396951637762463','68.33567193742569','2018-12-09 13:23:41'),
	(123,18,'25.396951637762463','68.33567193742569','2018-12-09 13:23:42'),
	(124,18,'25.396951637762463','68.33567193742569','2018-12-09 13:23:43'),
	(125,18,'25.396951637762463','68.33567193742569','2018-12-09 13:23:44'),
	(126,18,'25.396951637762463','68.33567193742569','2018-12-09 13:23:45'),
	(127,18,'25.396951637762463','68.33567193742569','2018-12-09 13:23:46'),
	(128,18,'25.396951637762463','68.33567193742569','2018-12-09 13:23:47'),
	(129,18,'25.396951637762463','68.33567193742569','2018-12-09 13:23:48'),
	(130,18,'25.396951637762463','68.33567193742569','2018-12-09 13:23:49'),
	(131,18,'25.396951637762463','68.33567193742569','2018-12-09 13:23:50'),
	(132,18,'25.396951637762463','68.33567193742569','2018-12-09 13:23:51'),
	(133,18,'25.396951637762463','68.33567193742569','2018-12-09 13:23:52'),
	(134,18,'25.396951637762463','68.33567193742569','2018-12-09 13:23:53'),
	(135,18,'25.396951637762463','68.33567193742569','2018-12-09 13:23:54'),
	(136,18,'25.396951637762463','68.33567193742569','2018-12-09 13:23:55'),
	(137,18,'25.396951637762463','68.33567193742569','2018-12-09 13:23:56'),
	(138,18,'25.396951637762463','68.33567193742569','2018-12-09 13:23:57'),
	(139,18,'25.396951637762463','68.33567193742569','2018-12-09 13:23:58'),
	(140,18,'25.396951637762463','68.33567193742569','2018-12-09 13:23:59'),
	(141,18,'25.396951637762463','68.33567193742569','2018-12-09 13:24:00'),
	(142,18,'25.396951637762463','68.33567193742569','2018-12-09 13:24:01'),
	(143,18,'25.396951637762463','68.33567193742569','2018-12-09 13:24:02'),
	(144,18,'25.396951637762463','68.33567193742569','2018-12-09 13:24:03'),
	(145,18,'25.396951637762463','68.33567193742569','2018-12-09 13:24:04'),
	(146,18,'25.396951637762463','68.33567193742569','2018-12-09 13:24:05'),
	(147,18,'25.396951637762463','68.33567193742569','2018-12-09 13:24:06'),
	(148,18,'25.396951637762463','68.33567193742569','2018-12-09 13:24:07'),
	(149,18,'25.396951637762463','68.33567193742569','2018-12-09 13:24:08'),
	(150,18,'25.396951637762463','68.33567193742569','2018-12-09 13:24:09'),
	(151,18,'25.396951637762463','68.33567193742569','2018-12-09 13:24:10'),
	(152,18,'25.396951637762463','68.33567193742569','2018-12-09 13:24:11'),
	(153,18,'25.396951637762463','68.33567193742569','2018-12-09 13:24:12'),
	(154,18,'25.396951637762463','68.33567193742569','2018-12-09 13:24:13'),
	(155,18,'25.396951637762463','68.33567193742569','2018-12-09 13:24:14'),
	(156,18,'25.396951637762463','68.33567193742569','2018-12-09 13:24:15'),
	(157,18,'25.396951637762463','68.33567193742569','2018-12-09 13:24:16'),
	(158,18,'25.396951637762463','68.33567193742569','2018-12-09 13:24:17'),
	(159,18,'25.396951637762463','68.33567193742569','2018-12-09 13:24:18'),
	(160,18,'25.396951637762463','68.33567193742569','2018-12-09 13:24:19'),
	(161,18,'25.396951637762463','68.33567193742569','2018-12-09 13:24:20'),
	(162,18,'25.396951637762463','68.33567193742569','2018-12-09 13:24:21'),
	(163,18,'25.396951637762463','68.33567193742569','2018-12-09 13:24:22'),
	(164,18,'25.396951637762463','68.33567193742569','2018-12-09 13:24:23'),
	(165,18,'25.396951637762463','68.33567193742569','2018-12-09 13:24:24'),
	(166,18,'25.396951637762463','68.33567193742569','2018-12-09 13:24:25'),
	(167,18,'25.396951637762463','68.33567193742569','2018-12-09 13:24:26'),
	(168,18,'25.396951637762463','68.33567193742569','2018-12-09 13:24:27'),
	(169,18,'25.396951637762463','68.33567193742569','2018-12-09 13:24:28'),
	(170,18,'25.396951637762463','68.33567193742569','2018-12-09 13:24:29'),
	(171,18,'25.396951637762463','68.33567193742569','2018-12-09 13:24:30'),
	(172,18,'25.396951637762463','68.33567193742569','2018-12-09 13:24:31'),
	(173,18,'25.396951637762463','68.33567193742569','2018-12-09 13:24:32'),
	(174,18,'25.396951637762463','68.33567193742569','2018-12-09 13:24:33'),
	(175,18,'25.396951637762463','68.33567193742569','2018-12-09 13:24:34'),
	(176,18,'25.396951637762463','68.33567193742569','2018-12-09 13:24:35'),
	(177,18,'25.396951637762463','68.33567193742569','2018-12-09 13:24:36'),
	(178,18,'25.396951637762463','68.33567193742569','2018-12-09 13:24:37'),
	(179,18,'25.396951637762463','68.33567193742569','2018-12-09 13:24:38'),
	(180,18,'25.396951637762463','68.33567193742569','2018-12-09 13:24:39'),
	(181,18,'25.396951637762463','68.33567193742569','2018-12-09 13:24:40'),
	(182,18,'25.396951637762463','68.33567193742569','2018-12-09 13:24:41'),
	(183,18,'25.396951637762463','68.33567193742569','2018-12-09 13:24:42'),
	(184,18,'25.396951637762463','68.33567193742569','2018-12-09 13:24:43'),
	(185,18,'25.396951637762463','68.33567193742569','2018-12-09 13:24:44'),
	(186,18,'25.396951637762463','68.33567193742569','2018-12-09 13:24:45'),
	(187,18,'25.396951637762463','68.33567193742569','2018-12-09 13:24:46'),
	(188,18,'25.396951637762463','68.33567193742569','2018-12-09 13:24:47'),
	(189,18,'25.396951637762463','68.33567193742569','2018-12-09 13:24:48'),
	(190,18,'25.396951637762463','68.33567193742569','2018-12-09 13:24:49'),
	(191,18,'25.396951637762463','68.33567193742569','2018-12-09 13:24:50'),
	(192,18,'25.396951637762463','68.33567193742569','2018-12-09 13:24:51'),
	(193,18,'25.396951637762463','68.33567193742569','2018-12-09 13:24:52'),
	(194,18,'25.396951637762463','68.33567193742569','2018-12-09 13:24:53'),
	(195,18,'25.396951637762463','68.33567193742569','2018-12-09 13:24:54'),
	(196,18,'25.396951637762463','68.33567193742569','2018-12-09 13:24:55'),
	(197,18,'25.396951637762463','68.33567193742569','2018-12-09 13:24:56'),
	(198,18,'25.396951637762463','68.33567193742569','2018-12-09 13:24:57'),
	(199,18,'25.396951637762463','68.33567193742569','2018-12-09 13:24:58'),
	(200,18,'25.396951637762463','68.33567193742569','2018-12-09 13:24:59'),
	(201,18,'25.396951637762463','68.33567193742569','2018-12-09 13:25:00'),
	(202,18,'25.396951637762463','68.33567193742569','2018-12-09 13:25:01'),
	(203,18,'25.396946498943016','68.33566935364357','2018-12-09 13:25:02'),
	(204,18,'25.396946568399553','68.3356692671064','2018-12-09 13:25:03'),
	(205,18,'25.396946721262214','68.33566894948314','2018-12-09 13:25:04'),
	(206,18,'25.396946679404085','68.33566890003429','2018-12-09 13:25:05'),
	(207,18,'25.39694641055825','68.33566938597','2018-12-09 13:25:06'),
	(208,18,'25.396946246939645','68.33566975613351','2018-12-09 13:25:07'),
	(209,18,'25.396946239279245','68.33566983824313','2018-12-09 13:25:08'),
	(210,18,'25.39694613815722','68.33567010171598','2018-12-09 13:25:09'),
	(211,18,'25.39694612038964','68.33567089601327','2018-12-09 13:25:10'),
	(212,18,'25.396946086959357','68.33567112762057','2018-12-09 13:25:11'),
	(213,18,'25.39694591137805','68.335671832506','2018-12-09 13:25:12'),
	(214,18,'25.396945965774123','68.33567226513907','2018-12-09 13:25:13'),
	(215,18,'25.396945862045072','68.33567255656726','2018-12-09 13:25:14'),
	(216,18,'25.396945754766946','68.33567257405059','2018-12-09 13:25:15'),
	(217,18,'25.39694562945244','68.33567248764074','2018-12-09 13:25:16'),
	(218,18,'25.396945291519508','68.3356722924841','2018-12-09 13:25:17'),
	(219,18,'25.396945283524232','68.33567211876655','2018-12-09 13:25:18'),
	(220,18,'25.396944921650118','68.33567195643472','2018-12-09 13:25:19'),
	(221,18,'25.396944649367523','68.33567196877574','2018-12-09 13:25:20'),
	(222,18,'25.396944311333876','68.33567161835904','2018-12-09 13:25:21'),
	(223,18,'25.396944448396507','68.33567167760809','2018-12-09 13:25:22'),
	(224,18,'25.396944539118582','68.33567182622173','2018-12-09 13:25:23'),
	(225,18,'25.396944868020803','68.33567152335193','2018-12-09 13:25:24'),
	(226,18,'25.39694476951859','68.33567076713321','2018-12-09 13:25:25'),
	(227,18,'25.3969448763366','68.33567022172107','2018-12-09 13:25:26'),
	(228,18,'25.396945188537718','68.3356697196002','2018-12-09 13:25:27'),
	(229,18,'25.39694495503164','68.33566773923295','2018-12-09 13:25:28'),
	(230,18,'25.396944742198173','68.33566591094551','2018-12-09 13:25:29'),
	(231,18,'25.396941375102173','68.33566524791446','2018-12-09 13:25:30'),
	(232,18,'25.396936732041773','68.33566588406606','2018-12-09 13:25:31'),
	(233,18,'25.39693283146093','68.33566755182504','2018-12-09 13:25:32'),
	(234,18,'25.396929442478005','68.33566914014463','2018-12-09 13:25:33'),
	(235,18,'25.39692767390873','68.33567154453775','2018-12-09 13:25:34'),
	(236,18,'25.396923669337763','68.33567764979928','2018-12-09 13:25:35'),
	(237,18,'25.39692365337961','68.33567765911683','2018-12-09 13:25:36'),
	(238,18,'25.396923657617506','68.33567766728409','2018-12-09 13:25:37'),
	(239,18,'25.396923642758573','68.33567769091273','2018-12-09 13:25:38'),
	(240,18,'25.396923652252795','68.33567772391417','2018-12-09 13:25:39'),
	(241,18,'25.396923653482798','68.33567773162807','2018-12-09 13:25:40'),
	(242,18,'25.39692368225287','68.33567773097366','2018-12-09 13:25:41'),
	(243,18,'25.3969236790218','68.33567774890216','2018-12-09 13:25:42'),
	(244,18,'25.39692368276542','68.33567773413677','2018-12-09 13:25:43'),
	(245,18,'25.39692368576567','68.33567772301613','2018-12-09 13:25:44'),
	(246,18,'25.39692369982338','68.33567772502983','2018-12-09 13:25:45'),
	(247,18,'25.396923716247812','68.3356776899829','2018-12-09 13:25:46'),
	(248,18,'25.39692371022012','68.33567766419627','2018-12-09 13:25:47'),
	(249,18,'25.396923720384674','68.33567766285917','2018-12-09 13:25:48'),
	(250,18,'25.396923706686366','68.33567763213183','2018-12-09 13:25:49'),
	(251,18,'25.396923724631254','68.33567760876488','2018-12-09 13:25:50'),
	(252,18,'25.396923750407556','68.33567763514375','2018-12-09 13:25:51'),
	(253,18,'25.39692377080273','68.33567763748869','2018-12-09 13:25:52'),
	(254,18,'25.396923765515076','68.33567764712906','2018-12-09 13:25:53'),
	(255,18,'25.39692378283598','68.33567768890137','2018-12-09 13:25:54'),
	(256,18,'25.396923767224525','68.33567773421974','2018-12-09 13:25:55'),
	(257,18,'25.39692373031448','68.33567779533539','2018-12-09 13:25:56'),
	(258,18,'25.39692373448117','68.33567784883712','2018-12-09 13:25:57'),
	(259,18,'25.39692374298438','68.33567786569176','2018-12-09 13:25:58'),
	(260,18,'25.396923747649133','68.33567788182059','2018-12-09 13:25:59'),
	(261,18,'25.396923765338762','68.33567788348806','2018-12-09 13:26:00'),
	(262,18,'25.396923804350287','68.33567790932003','2018-12-09 13:26:01'),
	(263,18,'25.396923801815316','68.33567793860524','2018-12-09 13:26:02'),
	(264,18,'25.396923779573545','68.33567800812989','2018-12-09 13:26:03'),
	(265,18,'25.39692376304146','68.3356780605925','2018-12-09 13:26:04'),
	(266,18,'25.396923792559438','68.33567806955908','2018-12-09 13:26:05'),
	(267,18,'25.39692382922014','68.335678044022','2018-12-09 13:26:06'),
	(268,18,'25.396923835231892','68.33567806163795','2018-12-09 13:26:07'),
	(269,18,'25.39692379068594','68.33567809935644','2018-12-09 13:26:08'),
	(270,18,'25.396923746720084','68.33567807343255','2018-12-09 13:26:09'),
	(271,18,'25.39692373880036','68.3356780784588','2018-12-09 13:26:10'),
	(272,18,'25.39692367675652','68.33567807370565','2018-12-09 13:26:11'),
	(273,18,'25.39692362484103','68.3356780261124','2018-12-09 13:26:12'),
	(274,18,'25.39692353994392','68.33567804744676','2018-12-09 13:26:13'),
	(275,18,'25.39692348496518','68.33567813490635','2018-12-09 13:26:14'),
	(276,18,'25.396923454604902','68.33567819106644','2018-12-09 13:26:15'),
	(277,18,'25.396923419951733','68.3356782748466','2018-12-09 13:26:16'),
	(278,18,'25.396923420036725','68.33567834243401','2018-12-09 13:26:17'),
	(279,18,'25.396923405815535','68.33567845987169','2018-12-09 13:26:18'),
	(280,18,'25.39692334180176','68.33567855116529','2018-12-09 13:26:19'),
	(281,18,'25.396923318831902','68.33567861252281','2018-12-09 13:26:20'),
	(282,18,'25.39692338978923','68.33567870536862','2018-12-09 13:26:21'),
	(283,18,'25.39692344721942','68.33567876412098','2018-12-09 13:26:22'),
	(284,18,'25.39692352571722','68.3356788460437','2018-12-09 13:26:23'),
	(285,18,'25.396923636486566','68.33567889146148','2018-12-09 13:26:24'),
	(286,18,'25.396923760238167','68.33567890929095','2018-12-09 13:26:25'),
	(287,18,'25.396923865377847','68.33567893351702','2018-12-09 13:26:26'),
	(288,18,'25.396923976604636','68.33567895487845','2018-12-09 13:26:27'),
	(289,18,'25.396924043113017','68.33567896977816','2018-12-09 13:26:28'),
	(290,18,'25.39692413454526','68.33567899935967','2018-12-09 13:26:29'),
	(291,18,'25.396924129204603','68.33567902748484','2018-12-09 13:26:30'),
	(292,18,'25.396924222997864','68.33567903598085','2018-12-09 13:26:31'),
	(293,18,'25.39692425886965','68.33567904571592','2018-12-09 13:26:32'),
	(294,18,'25.39692432233286','68.33567907720366','2018-12-09 13:26:33'),
	(295,18,'25.39692439225086','68.33567911988563','2018-12-09 13:26:34'),
	(296,18,'25.396924481753203','68.33567919641712','2018-12-09 13:26:35'),
	(297,18,'25.396924593466817','68.33567928066739','2018-12-09 13:26:36'),
	(298,18,'25.396924670716693','68.33567928237068','2018-12-09 13:26:37'),
	(299,18,'25.39692482846571','68.3356792863938','2018-12-09 13:26:38'),
	(300,18,'25.39692493187222','68.33567932900682','2018-12-09 13:26:39'),
	(301,18,'25.396925119192392','68.33567939081075','2018-12-09 13:26:40'),
	(302,18,'25.39692530739915','68.33567938709434','2018-12-09 13:26:41'),
	(303,18,'25.396925420981816','68.33567938894947','2018-12-09 13:26:42'),
	(304,18,'25.396925521645013','68.33567942342499','2018-12-09 13:26:43'),
	(305,18,'25.3969256556767','68.33567940639976','2018-12-09 13:26:44'),
	(306,18,'25.39692578463864','68.33567938636484','2018-12-09 13:26:45'),
	(307,18,'25.396925877446662','68.33567944189886','2018-12-09 13:26:46'),
	(308,18,'25.39692599699904','68.3356794986334','2018-12-09 13:26:47'),
	(309,18,'25.396926106150268','68.33567953820784','2018-12-09 13:26:48'),
	(310,18,'25.39692623732364','68.33567955226103','2018-12-09 13:26:49'),
	(311,18,'25.39692635914336','68.33567953338301','2018-12-09 13:26:50'),
	(312,18,'25.396926482180596','68.33567948682371','2018-12-09 13:26:51'),
	(313,18,'25.39692659727003','68.33567943782239','2018-12-09 13:26:52'),
	(314,18,'25.396926752347913','68.33567941018697','2018-12-09 13:26:53'),
	(315,18,'25.396926896591523','68.33567937603831','2018-12-09 13:26:54'),
	(316,18,'25.396927078072352','68.3356793431583','2018-12-09 13:26:55'),
	(317,18,'25.396927159399596','68.33567936105423','2018-12-09 13:26:56'),
	(318,18,'25.396927219530504','68.33567940095338','2018-12-09 13:26:57'),
	(319,18,'25.396927341760225','68.33567944634976','2018-12-09 13:26:58'),
	(320,18,'25.396927466083238','68.33567942650527','2018-12-09 13:26:59'),
	(321,18,'25.396927574918195','68.33567936472444','2018-12-09 13:27:00'),
	(322,18,'25.396927666764103','68.33567930756921','2018-12-09 13:27:01'),
	(323,18,'25.396927753050615','68.33567925384855','2018-12-09 13:27:02'),
	(324,18,'25.396927882960764','68.33567920045772','2018-12-09 13:27:03'),
	(325,18,'25.396927981535676','68.33567921748198','2018-12-09 13:27:04'),
	(326,18,'25.396928046643787','68.33567921712662','2018-12-09 13:27:05'),
	(327,18,'25.39692807099137','68.3356792902125','2018-12-09 13:27:06'),
	(328,18,'25.396928111305883','68.33567932502676','2018-12-09 13:27:07'),
	(329,18,'25.39692812284317','68.33567942147565','2018-12-09 13:27:08'),
	(330,18,'25.396928226132083','68.3356794558133','2018-12-09 13:27:09'),
	(331,18,'25.39692826670315','68.33567949434979','2018-12-09 13:27:10'),
	(332,18,'25.39692829966432','68.33567950383821','2018-12-09 13:27:11'),
	(333,18,'25.396928363867282','68.33567955671445','2018-12-09 13:27:12'),
	(334,18,'25.39692848563421','68.33567960832792','2018-12-09 13:27:13'),
	(335,18,'25.39692850136543','68.33567959393453','2018-12-09 13:27:14'),
	(336,18,'25.39692856012079','68.33567961410665','2018-12-09 13:27:15'),
	(337,18,'25.396928642033206','68.33567966064848','2018-12-09 13:27:16'),
	(338,18,'25.396928682890813','68.33567965635473','2018-12-09 13:27:17'),
	(339,18,'25.396928739593704','68.33567970830147','2018-12-09 13:27:18'),
	(340,18,'25.396928793242985','68.33567969994124','2018-12-09 13:27:19'),
	(341,18,'25.396928817427458','68.33567971618015','2018-12-09 13:27:20'),
	(342,18,'25.39692891801949','68.33567971529857','2018-12-09 13:27:21'),
	(343,18,'25.39692902964815','68.33567971042805','2018-12-09 13:27:22'),
	(344,18,'25.39692908984108','68.3356796741267','2018-12-09 13:27:23'),
	(345,18,'25.39692913439058','68.3356796587596','2018-12-09 13:27:24'),
	(346,18,'25.39692917782122','68.3356796075768','2018-12-09 13:27:25'),
	(347,18,'25.396929224363067','68.3356795483422','2018-12-09 13:27:26'),
	(348,18,'25.396929248733983','68.33567949755232','2018-12-09 13:27:27'),
	(349,18,'25.396929340724753','68.33567944469105','2018-12-09 13:27:28'),
	(350,18,'25.396929457005214','68.33567939536621','2018-12-09 13:27:29'),
	(351,18,'25.396929577980487','68.33567932443383','2018-12-09 13:27:30'),
	(352,18,'25.396929641269715','68.33567934809251','2018-12-09 13:27:31'),
	(353,18,'25.39692969131582','68.33567935090421','2018-12-09 13:27:32'),
	(354,18,'25.39692973361989','68.33567937130354','2018-12-09 13:27:33'),
	(355,18,'25.396929756744907','68.33567938997818','2018-12-09 13:27:34'),
	(356,18,'25.39692979442588','68.33567939439129','2018-12-09 13:27:35'),
	(357,18,'25.39693085920824','68.33567878125459','2018-12-09 13:27:36'),
	(358,18,'25.39693195232081','68.33567855398222','2018-12-09 13:27:37'),
	(359,18,'25.39693262371806','68.33567853776525','2018-12-09 13:27:38'),
	(360,18,'25.39693275854124','68.33567839769742','2018-12-09 13:27:39'),
	(361,18,'25.396932894168327','68.33567805515051','2018-12-09 13:27:40'),
	(362,18,'25.39693319837134','68.33567801706474','2018-12-09 13:27:41'),
	(363,18,'25.396933254000313','68.33567752341538','2018-12-09 13:27:42'),
	(364,18,'25.396933394177758','68.33567751592157','2018-12-09 13:27:43'),
	(365,18,'25.396933507686267','68.33567741086894','2018-12-09 13:27:44'),
	(366,18,'25.396933624897876','68.33567769610016','2018-12-09 13:27:45'),
	(367,18,'25.396933819473258','68.33567756521563','2018-12-09 13:27:46'),
	(368,18,'25.396934164001397','68.33567771960874','2018-12-09 13:27:47'),
	(369,18,'25.396934621055394','68.3356771072889','2018-12-09 13:27:48'),
	(370,18,'25.396935483381927','68.33567686880318','2018-12-09 13:27:49'),
	(371,18,'25.396935974791287','68.33567658348514','2018-12-09 13:27:50'),
	(372,18,'25.39693657840809','68.33567638409242','2018-12-09 13:27:51'),
	(373,18,'25.396937207785864','68.33567612862012','2018-12-09 13:27:52'),
	(374,18,'25.396937397667113','68.33567619844581','2018-12-09 13:27:53'),
	(375,18,'25.396937624032567','68.3356755212197','2018-12-09 13:27:54'),
	(376,18,'25.396937729144096','68.33567584321027','2018-12-09 13:27:55'),
	(377,18,'25.396937478032843','68.3356762565062','2018-12-09 13:27:56'),
	(378,18,'25.39693711560153','68.33567686131747','2018-12-09 13:27:57'),
	(379,18,'25.39693681574882','68.3356775631149','2018-12-09 13:27:58'),
	(380,18,'25.396935956890097','68.33567822289008','2018-12-09 13:27:59'),
	(381,18,'25.396935782727287','68.33567819792992','2018-12-09 13:28:00'),
	(382,18,'25.396935396005453','68.33567834064786','2018-12-09 13:28:01'),
	(383,18,'25.396934873093635','68.33567842827044','2018-12-09 13:28:02'),
	(384,18,'25.396935138615486','68.33567745801301','2018-12-09 13:28:03'),
	(385,18,'25.39693504462058','68.33567708632445','2018-12-09 13:28:04'),
	(386,18,'25.396935282785126','68.3356765483386','2018-12-09 13:28:05'),
	(387,18,'25.396935457308775','68.33567623388828','2018-12-09 13:28:06'),
	(388,18,'25.39693563648743','68.3356760167672','2018-12-09 13:28:07'),
	(389,18,'25.396936293947107','68.33567601420135','2018-12-09 13:28:08'),
	(390,18,'25.396936560938187','68.3356763606668','2018-12-09 13:28:09'),
	(391,18,'25.396936806264407','68.335676850226','2018-12-09 13:28:10'),
	(392,18,'25.39693672749677','68.33567715382497','2018-12-09 13:28:11'),
	(393,18,'25.39693693664623','68.33567730541877','2018-12-09 13:28:12'),
	(394,18,'25.396937211342088','68.33567735948034','2018-12-09 13:28:13'),
	(395,18,'25.39693739543106','68.33567732893106','2018-12-09 13:28:14'),
	(396,18,'25.39693729276696','68.33567741605765','2018-12-09 13:28:15'),
	(397,18,'25.39693729561378','68.33567771184117','2018-12-09 13:28:16'),
	(398,18,'25.396937444656704','68.3356778230045','2018-12-09 13:28:17'),
	(399,18,'25.396937877695574','68.33567811531093','2018-12-09 13:28:18'),
	(400,18,'25.396937826562283','68.33567809432229','2018-12-09 13:28:19'),
	(401,18,'25.396937338984134','68.33567834923636','2018-12-09 13:28:20'),
	(402,18,'25.39693724303792','68.33567830580294','2018-12-09 13:28:21'),
	(403,18,'25.396937470914448','68.33567856956648','2018-12-09 13:28:22'),
	(404,18,'25.396937477100114','68.33567882988748','2018-12-09 13:28:23'),
	(405,18,'25.396937526953767','68.33567865123759','2018-12-09 13:28:24'),
	(406,18,'25.39693767136165','68.33567868617007','2018-12-09 13:28:25'),
	(407,18,'25.396937841628375','68.33567902758641','2018-12-09 13:28:26'),
	(408,18,'25.39693826041883','68.33567905006039','2018-12-09 13:28:27'),
	(409,18,'25.396938436055905','68.33567949010285','2018-12-09 13:28:28'),
	(410,18,'25.396938699741312','68.3356800242403','2018-12-09 13:28:29'),
	(411,18,'25.396939388758135','68.33568109050711','2018-12-09 13:28:30'),
	(412,18,'25.396939474413855','68.33568131533842','2018-12-09 13:28:31'),
	(413,18,'25.396939886056646','68.33568147423648','2018-12-09 13:28:32'),
	(414,18,'25.396940311199046','68.33568193843688','2018-12-09 13:28:33'),
	(415,18,'25.396940298808854','68.33568170717177','2018-12-09 13:28:34'),
	(416,18,'25.39694083290455','68.3356818385599','2018-12-09 13:28:35'),
	(417,18,'25.396942119858096','68.3356816997651','2018-12-09 13:28:36'),
	(418,18,'25.396942692587572','68.33568083885551','2018-12-09 13:28:37'),
	(419,18,'25.396943280903013','68.3356807132853','2018-12-09 13:28:38'),
	(420,18,'25.396943594606842','68.33568052180578','2018-12-09 13:28:39'),
	(421,18,'25.396943705585187','68.33568040854082','2018-12-09 13:28:40'),
	(422,18,'25.39694413750407','68.33567989331904','2018-12-09 13:28:41'),
	(423,18,'25.396944365059106','68.33567989520243','2018-12-09 13:28:42'),
	(424,18,'25.396944694678808','68.33567993751717','2018-12-09 13:28:43'),
	(425,18,'25.396944846341942','68.33567997288108','2018-12-09 13:28:44'),
	(426,18,'25.396945106902063','68.3356800955179','2018-12-09 13:28:45'),
	(427,18,'25.396945346554027','68.33568052372777','2018-12-09 13:28:46'),
	(428,18,'25.39694507706012','68.33568008544047','2018-12-09 13:28:47'),
	(429,18,'25.396944785450636','68.3356795371734','2018-12-09 13:28:48'),
	(430,18,'25.396944340136056','68.3356790365005','2018-12-09 13:28:49'),
	(431,18,'25.396944341937814','68.33567886290759','2018-12-09 13:28:50'),
	(432,18,'25.396944254061918','68.33567897701784','2018-12-09 13:28:51'),
	(433,18,'25.39694412389228','68.33567900851665','2018-12-09 13:28:52'),
	(434,18,'25.396943992199155','68.33567916392377','2018-12-09 13:28:53'),
	(435,18,'25.396943929912744','68.33567932229973','2018-12-09 13:28:54'),
	(436,18,'25.39694377462262','68.33567950673526','2018-12-09 13:28:55'),
	(437,18,'25.39694266995197','68.33567931115101','2018-12-09 13:28:56'),
	(438,18,'25.396942359365458','68.33567911262952','2018-12-09 13:28:57'),
	(439,18,'25.396942658467058','68.33567908759119','2018-12-09 13:28:58'),
	(440,18,'25.396942617666873','68.33567930749372','2018-12-09 13:28:59'),
	(441,18,'25.396942715112214','68.33567924490657','2018-12-09 13:29:00'),
	(442,18,'25.39694252013406','68.33567946783243','2018-12-09 13:29:01'),
	(443,18,'25.396941926164175','68.33567982188357','2018-12-09 13:29:02'),
	(444,18,'25.396941693736167','68.33567987478537','2018-12-09 13:29:03'),
	(445,18,'25.396941776518958','68.33568040293986','2018-12-09 13:29:04'),
	(446,18,'25.39694180554552','68.33568057974172','2018-12-09 13:29:05'),
	(447,18,'25.396941831767357','68.33568081920576','2018-12-09 13:29:06'),
	(448,18,'25.396941690981883','68.33568082918163','2018-12-09 13:29:07'),
	(449,18,'25.396941955223973','68.33568069967589','2018-12-09 13:29:08'),
	(450,18,'25.39694189977628','68.33568051619707','2018-12-09 13:29:09'),
	(451,18,'25.396941744234873','68.33568026660025','2018-12-09 13:29:10'),
	(452,18,'25.396942042534995','68.33568036347017','2018-12-09 13:29:11'),
	(453,18,'25.396942145372883','68.33568079211746','2018-12-09 13:29:12'),
	(454,18,'25.396942234079336','68.3356814872084','2018-12-09 13:29:13'),
	(455,18,'25.39694248951465','68.33568232022672','2018-12-09 13:29:14'),
	(456,18,'25.39694273451103','68.33568279323424','2018-12-09 13:29:15'),
	(457,18,'25.396942766950758','68.33568305799804','2018-12-09 13:29:16'),
	(458,18,'25.396942883459857','68.33568322525035','2018-12-09 13:29:17'),
	(459,18,'25.396943046653348','68.3356836402306','2018-12-09 13:29:18'),
	(460,18,'25.396943346956004','68.33568462380981','2018-12-09 13:29:19'),
	(461,18,'25.396943364279775','68.33568507722589','2018-12-09 13:29:20'),
	(462,18,'25.396943326968326','68.33568527479062','2018-12-09 13:29:21'),
	(463,18,'25.396942989908396','68.33568478303378','2018-12-09 13:29:22'),
	(464,18,'25.3969427469977','68.33568445732506','2018-12-09 13:29:23'),
	(465,18,'25.39694263524261','68.33568349833014','2018-12-09 13:29:24'),
	(466,18,'25.39694219103977','68.3356829473001','2018-12-09 13:29:25'),
	(467,18,'25.3969420479116','68.33568237316972','2018-12-09 13:29:26'),
	(468,18,'25.396941908671113','68.33568213759061','2018-12-09 13:29:27'),
	(469,18,'25.396941411220674','68.33568147747549','2018-12-09 13:29:28'),
	(470,18,'25.39694130301504','68.3356812262355','2018-12-09 13:29:29'),
	(471,18,'25.396941236117783','68.33568038362272','2018-12-09 13:29:30'),
	(472,18,'25.396940810679794','68.33568002397385','2018-12-09 13:29:31'),
	(473,18,'25.39694067006037','68.33567983417849','2018-12-09 13:29:32'),
	(474,18,'25.39694038778847','68.3356796154802','2018-12-09 13:29:33'),
	(475,18,'25.3969400882013','68.33567953206479','2018-12-09 13:29:34'),
	(476,18,'25.396940042939463','68.33567957668252','2018-12-09 13:29:35'),
	(477,18,'25.396939294060562','68.33567979478356','2018-12-09 13:29:36'),
	(478,18,'25.396938450551843','68.33567961670634','2018-12-09 13:29:37'),
	(479,18,'25.396937590187616','68.33567924413178','2018-12-09 13:29:38'),
	(480,18,'25.396937094185084','68.33567912505069','2018-12-09 13:29:39'),
	(481,18,'25.396936552752248','68.33567838569606','2018-12-09 13:29:40'),
	(482,18,'25.396936274708874','68.33567775607443','2018-12-09 13:29:41'),
	(483,18,'25.396935884007753','68.33567711911508','2018-12-09 13:29:42'),
	(484,18,'25.39693539311206','68.33567680175958','2018-12-09 13:29:43'),
	(485,18,'25.396934740572124','68.33567642355291','2018-12-09 13:29:44'),
	(486,18,'25.396933787561206','68.3356759596362','2018-12-09 13:29:45'),
	(487,18,'25.396933196946925','68.33567610156074','2018-12-09 13:29:46'),
	(488,18,'25.396933172216663','68.33567617558829','2018-12-09 13:29:47'),
	(489,18,'25.396932833476665','68.33567633928534','2018-12-09 13:29:48'),
	(490,18,'25.396932863309065','68.33567623840541','2018-12-09 13:29:49'),
	(491,18,'25.396933420671765','68.33567520024837','2018-12-09 13:29:50'),
	(492,18,'25.396933666083665','68.33567453564666','2018-12-09 13:29:51'),
	(493,18,'25.396933935139128','68.335673194207','2018-12-09 13:29:52'),
	(494,18,'25.396933840836166','68.33567286744804','2018-12-09 13:29:53'),
	(495,18,'25.396933916478496','68.33567227406209','2018-12-09 13:29:54'),
	(496,18,'25.396933872743055','68.33567199692916','2018-12-09 13:29:55'),
	(497,18,'25.3969335544981','68.33567143249218','2018-12-09 13:29:56'),
	(498,18,'25.396933284206952','68.33567074187917','2018-12-09 13:29:57'),
	(499,18,'25.396932913336585','68.3356703855225','2018-12-09 13:29:58'),
	(500,18,'25.396932322213402','68.33566999870693','2018-12-09 13:29:59'),
	(501,18,'25.396932145136997','68.33566954793163','2018-12-09 13:30:00'),
	(502,18,'25.39693212478599','68.3356689421291','2018-12-09 13:30:01'),
	(503,18,'25.396932227133387','68.33566841372655','2018-12-09 13:30:02'),
	(504,18,'25.39693233796074','68.33566817868027','2018-12-09 13:30:03'),
	(505,18,'25.39693221797445','68.33566787505708','2018-12-09 13:30:04'),
	(506,18,'25.396932005666713','68.33566783139437','2018-12-09 13:30:05'),
	(507,18,'25.396932007375806','68.33566767357475','2018-12-09 13:30:06'),
	(508,18,'25.396931909810696','68.33566760530334','2018-12-09 13:30:07'),
	(509,18,'25.396931843626884','68.33566762772527','2018-12-09 13:30:08'),
	(510,18,'25.396931615412743','68.33566767764492','2018-12-09 13:30:09'),
	(511,18,'25.39693130683706','68.33566811532353','2018-12-09 13:30:10'),
	(512,18,'25.39693114379974','68.33566864406704','2018-12-09 13:30:11'),
	(513,18,'25.396930978608566','68.33566892734848','2018-12-09 13:30:12'),
	(514,18,'25.396930786320524','68.33566906422176','2018-12-09 13:30:13'),
	(515,18,'25.396930625393104','68.33566900043581','2018-12-09 13:30:14'),
	(516,18,'25.396930700196744','68.33566916985554','2018-12-09 13:30:15'),
	(517,18,'25.396930603751535','68.33566919314762','2018-12-09 13:30:16'),
	(518,18,'25.396930657537656','68.33566891728023','2018-12-09 13:30:17'),
	(519,18,'25.396930794402017','68.33566849477246','2018-12-09 13:30:18'),
	(520,18,'25.39693083390903','68.33566749746245','2018-12-09 13:30:19'),
	(521,18,'25.396930396161313','68.33566595135699','2018-12-09 13:30:20'),
	(522,18,'25.396929236251037','68.33566603510891','2018-12-09 13:30:21'),
	(523,18,'25.3969289695803','68.33566629496674','2018-12-09 13:30:22'),
	(524,18,'25.39692842223773','68.33566692051294','2018-12-09 13:30:23'),
	(525,18,'25.39692821759208','68.33566698358378','2018-12-09 13:30:24'),
	(526,18,'25.3969287665659','68.33566756023484','2018-12-09 13:30:25'),
	(527,18,'25.396929460312084','68.33566854793507','2018-12-09 13:30:26'),
	(528,18,'25.396929531396932','68.33566924636384','2018-12-09 13:30:27'),
	(529,18,'25.396929496185525','68.3356696339165','2018-12-09 13:30:28'),
	(530,18,'25.396929265194945','68.3356705740353','2018-12-09 13:30:29'),
	(531,18,'25.39692838318466','68.33567122842688','2018-12-09 13:30:30'),
	(532,18,'25.396927966482817','68.335671986394','2018-12-09 13:30:31'),
	(533,18,'25.396927344819957','68.3356721512269','2018-12-09 13:30:32'),
	(534,18,'25.39692719491859','68.33567220681317','2018-12-09 13:30:33'),
	(535,18,'25.396927001053985','68.33567231790614','2018-12-09 13:30:34'),
	(536,18,'25.39692638080175','68.33567208190401','2018-12-09 13:30:35'),
	(537,18,'25.396925747340628','68.33567128463933','2018-12-09 13:30:36'),
	(538,18,'25.396925613609277','68.33567089347918','2018-12-09 13:30:37'),
	(539,18,'25.396925306496392','68.33567060712925','2018-12-09 13:30:38'),
	(540,18,'25.39692526304507','68.33567020944493','2018-12-09 13:30:39'),
	(541,18,'25.396925074458927','68.33566994144849','2018-12-09 13:30:40'),
	(542,18,'25.39692494616332','68.335669917533','2018-12-09 13:30:41'),
	(543,18,'25.396924723315667','68.33566999310062','2018-12-09 13:30:42'),
	(544,18,'25.39692447226442','68.33567027314712','2018-12-09 13:30:43'),
	(545,18,'25.396924067158093','68.33567058576685','2018-12-09 13:30:44'),
	(546,18,'25.396924098733184','68.33567062705792','2018-12-09 13:30:45'),
	(547,18,'25.39692437171582','68.33567156783275','2018-12-09 13:30:46'),
	(548,18,'25.396924281189968','68.33567210197317','2018-12-09 13:30:47'),
	(549,18,'25.396924146937','68.33567270935758','2018-12-09 13:30:48'),
	(550,18,'25.396925251924877','68.3356732194097','2018-12-09 13:30:49'),
	(551,18,'25.396925133743185','68.33567385057513','2018-12-09 13:30:50'),
	(552,18,'25.396924982675866','68.33567398474585','2018-12-09 13:30:51'),
	(553,18,'25.39692501355058','68.33567419164308','2018-12-09 13:30:52'),
	(554,18,'25.396925612237936','68.33567414798111','2018-12-09 13:30:53'),
	(555,18,'25.39692641351651','68.3356735505024','2018-12-09 13:30:54'),
	(556,18,'25.39692678138752','68.33567338639376','2018-12-09 13:30:55'),
	(557,18,'25.39692672880875','68.33567301250756','2018-12-09 13:30:56'),
	(558,18,'25.39692690806435','68.33567288547164','2018-12-09 13:30:57'),
	(559,18,'25.39692716577561','68.33567256034607','2018-12-09 13:30:58'),
	(560,18,'25.396927646832246','68.33567274348897','2018-12-09 13:30:59'),
	(561,18,'25.3969277505666','68.33567264013156','2018-12-09 13:31:00'),
	(562,18,'25.396927809567767','68.3356724668212','2018-12-09 13:31:01'),
	(563,18,'25.39692753945666','68.33567264894052','2018-12-09 13:31:02'),
	(564,18,'25.3969271574278','68.33567286026066','2018-12-09 13:31:03'),
	(565,18,'25.396926951350636','68.33567296451135','2018-12-09 13:31:04'),
	(566,18,'25.396926524433418','68.33567301300425','2018-12-09 13:31:05'),
	(567,18,'25.396925699247777','68.33567252819981','2018-12-09 13:31:06'),
	(568,18,'25.396925415211477','68.3356723014791','2018-12-09 13:31:07'),
	(569,18,'25.396925304583338','68.33567219050845','2018-12-09 13:31:08'),
	(570,18,'25.39692483875702','68.33567166371819','2018-12-09 13:31:09'),
	(571,18,'25.39692372685077','68.33567016420514','2018-12-09 13:31:10'),
	(572,18,'25.39692347579279','68.33566992882837','2018-12-09 13:31:11'),
	(573,18,'25.396923389354598','68.33566972643474','2018-12-09 13:31:12'),
	(574,18,'25.3969232966945','68.33566988701999','2018-12-09 13:31:13'),
	(575,18,'25.39692313526896','68.33566989549041','2018-12-09 13:31:14'),
	(576,18,'25.396923488083914','68.33566964653522','2018-12-09 13:31:15'),
	(577,18,'25.396923192746236','68.33566949975899','2018-12-09 13:31:16'),
	(578,18,'25.39692325412395','68.33566897269691','2018-12-09 13:31:17'),
	(579,18,'25.396923237508304','68.33566896730947','2018-12-09 13:31:18'),
	(580,18,'25.39692301895822','68.33566917306528','2018-12-09 13:31:19'),
	(581,18,'25.39692232822036','68.33566824976664','2018-12-09 13:31:20'),
	(582,18,'25.396921916436938','68.33566885104267','2018-12-09 13:31:21'),
	(583,18,'25.39692119610719','68.33566877639021','2018-12-09 13:31:22'),
	(584,18,'25.396920747327616','68.33566929153822','2018-12-09 13:31:23'),
	(585,18,'25.396920500453767','68.33566936990238','2018-12-09 13:31:24'),
	(586,18,'25.39692031024915','68.33566929694133','2018-12-09 13:31:25'),
	(587,18,'25.396920203750547','68.33566948553423','2018-12-09 13:31:26'),
	(588,18,'25.396919626653286','68.33566998315793','2018-12-09 13:31:27'),
	(589,18,'25.396919247216807','68.33567078230445','2018-12-09 13:31:28'),
	(590,18,'25.39691916730118','68.33567150937756','2018-12-09 13:31:29'),
	(591,18,'25.396919047962562','68.33567179828124','2018-12-09 13:31:30'),
	(592,18,'25.396918889079696','68.335671868521','2018-12-09 13:31:31'),
	(593,18,'25.396918971022092','68.33567169277897','2018-12-09 13:31:32'),
	(594,18,'25.396919082916558','68.33567124854149','2018-12-09 13:31:33'),
	(595,18,'25.396918907570303','68.33567006420195','2018-12-09 13:31:34'),
	(596,18,'25.396918766931744','68.33566967273107','2018-12-09 13:31:35'),
	(597,18,'25.39691884731387','68.335669230672','2018-12-09 13:31:36'),
	(598,18,'25.396918938439807','68.33566862810326','2018-12-09 13:31:37'),
	(599,18,'25.39691910772857','68.33566816309354','2018-12-09 13:31:38'),
	(600,18,'25.39692184903936','68.33566308802975','2018-12-09 13:31:39'),
	(601,18,'25.39692533422948','68.3356602772191','2018-12-09 13:31:40'),
	(602,18,'25.39692690798432','68.33565762534448','2018-12-09 13:31:41'),
	(603,18,'25.396926924140978','68.33565747946304','2018-12-09 13:31:42'),
	(604,18,'25.39692695901343','68.33565729153977','2018-12-09 13:31:43'),
	(605,18,'25.396927091178437','68.33565698934407','2018-12-09 13:31:44'),
	(606,18,'25.396927074304962','68.33565677106893','2018-12-09 13:31:45'),
	(607,18,'25.3969270714816','68.33565662480723','2018-12-09 13:31:46'),
	(608,18,'25.39692699804755','68.33565628002039','2018-12-09 13:31:47'),
	(609,18,'25.39692701511716','68.33565554938937','2018-12-09 13:31:48'),
	(610,18,'25.396927062869466','68.3356542022821','2018-12-09 13:31:49'),
	(611,18,'25.39692681709697','68.33565361639783','2018-12-09 13:31:50'),
	(612,18,'25.39692634888442','68.33565263005913','2018-12-09 13:31:51'),
	(613,18,'25.39692505795792','68.33565171161008','2018-12-09 13:31:52'),
	(614,18,'25.396924218781916','68.33565121042187','2018-12-09 13:31:53'),
	(615,18,'25.396923818268498','68.33565017553376','2018-12-09 13:31:54'),
	(616,18,'25.3969235367577','68.3356491654013','2018-12-09 13:31:55'),
	(617,18,'25.396923456274177','68.33564845688637','2018-12-09 13:31:56'),
	(618,18,'25.3969230480717','68.3356475236769','2018-12-09 13:31:57'),
	(619,18,'25.396922823453686','68.33564714424115','2018-12-09 13:31:58'),
	(620,18,'25.396922931567335','68.33564753087975','2018-12-09 13:31:59'),
	(621,18,'25.39692289320019','68.33564767564617','2018-12-09 13:32:00'),
	(622,18,'25.39692231555759','68.3356484150707','2018-12-09 13:32:01'),
	(623,18,'25.396922142470093','68.33564879121452','2018-12-09 13:32:02'),
	(624,18,'25.39692219149657','68.3356488751983','2018-12-09 13:32:03'),
	(625,18,'25.396921997028432','68.33564906639504','2018-12-09 13:32:04'),
	(626,18,'25.39692166246404','68.33564925284927','2018-12-09 13:32:05'),
	(627,18,'25.396921012204658','68.33564898335031','2018-12-09 13:32:06'),
	(628,18,'25.396920612231266','68.33564814233902','2018-12-09 13:32:07'),
	(629,18,'25.39692048788391','68.33564777028809','2018-12-09 13:32:08'),
	(630,18,'25.3969204652734','68.33564732259288','2018-12-09 13:32:09'),
	(631,18,'25.39692052563518','68.33564711670824','2018-12-09 13:32:10'),
	(632,18,'25.39692066284616','68.33564712104082','2018-12-09 13:32:11'),
	(633,18,'25.396921302812707','68.33564786643895','2018-12-09 13:32:12'),
	(634,18,'25.396921593697286','68.33564873011018','2018-12-09 13:32:13'),
	(635,18,'25.396921594338444','68.33564915723758','2018-12-09 13:32:14'),
	(636,18,'25.39692198767319','68.33564968052089','2018-12-09 13:32:15'),
	(637,18,'25.39692202900128','68.33565043546871','2018-12-09 13:32:16'),
	(638,18,'25.396922366023936','68.33565056759868','2018-12-09 13:32:17'),
	(639,18,'25.396923054331996','68.33565081557201','2018-12-09 13:32:18'),
	(640,18,'25.39692330572578','68.33565106785898','2018-12-09 13:32:19'),
	(641,18,'25.396924495728424','68.33565168194826','2018-12-09 13:32:20'),
	(642,18,'25.396925858474702','68.33565206558855','2018-12-09 13:32:21'),
	(643,18,'25.396926924047644','68.33565235855397','2018-12-09 13:32:22'),
	(644,18,'25.396927591298407','68.33565201908584','2018-12-09 13:32:23'),
	(645,18,'25.396927426046627','68.33565178298343','2018-12-09 13:32:24'),
	(646,18,'25.39692789943847','68.33565226220173','2018-12-09 13:32:25'),
	(647,18,'25.396928571401162','68.3356523921964','2018-12-09 13:32:26'),
	(648,18,'25.396929118862488','68.3356524364646','2018-12-09 13:32:27'),
	(649,18,'25.396929610531007','68.3356523949646','2018-12-09 13:32:28'),
	(650,18,'25.396930236415937','68.33565240459804','2018-12-09 13:32:29'),
	(651,18,'25.39693063439193','68.33565203977116','2018-12-09 13:32:30'),
	(652,18,'25.396930690697104','68.3356517598997','2018-12-09 13:32:31'),
	(653,18,'25.396930679311616','68.33565108918101','2018-12-09 13:32:32'),
	(654,18,'25.39693100096895','68.33565106147184','2018-12-09 13:32:33'),
	(655,18,'25.39693119932555','68.33565072759265','2018-12-09 13:32:34'),
	(656,18,'25.396931955986638','68.33564978563051','2018-12-09 13:32:35'),
	(657,18,'25.396932427253663','68.33564912719724','2018-12-09 13:32:36'),
	(658,18,'25.39693207946681','68.33564860815312','2018-12-09 13:32:37'),
	(659,18,'25.396931240529483','68.33564793462392','2018-12-09 13:32:38'),
	(660,18,'25.39693128830788','68.33564795149381','2018-12-09 13:32:39'),
	(661,18,'25.39693137595175','68.33564788703207','2018-12-09 13:32:40'),
	(662,18,'25.396931574796735','68.33564796731339','2018-12-09 13:32:41'),
	(663,18,'25.39693151101475','68.3356479857971','2018-12-09 13:32:42'),
	(664,18,'25.396931669831044','68.33564797372148','2018-12-09 13:32:43'),
	(665,18,'25.396931365381853','68.33564789683773','2018-12-09 13:32:44'),
	(666,18,'25.396931128523605','68.33564777004042','2018-12-09 13:32:45'),
	(667,18,'25.396930918300892','68.33564767158812','2018-12-09 13:32:46'),
	(668,18,'25.39693082803678','68.33564753596211','2018-12-09 13:32:47'),
	(669,18,'25.39693097847567','68.33564748423575','2018-12-09 13:32:48'),
	(670,18,'25.39693102516026','68.33564741386884','2018-12-09 13:32:49'),
	(671,18,'25.396931353972644','68.33564745381403','2018-12-09 13:32:50'),
	(672,18,'25.396932383670208','68.33564676279784','2018-12-09 13:32:51'),
	(673,18,'25.396933022259994','68.33564676667899','2018-12-09 13:32:52'),
	(674,18,'25.39693396536397','68.33564688862096','2018-12-09 13:32:53'),
	(675,18,'25.396935121144622','68.33564774979484','2018-12-09 13:32:54'),
	(676,18,'25.3969355675587','68.33564856779583','2018-12-09 13:32:55'),
	(677,18,'25.396935882273937','68.33564904835752','2018-12-09 13:32:56'),
	(678,18,'25.39693588874549','68.33564942041818','2018-12-09 13:32:57'),
	(679,18,'25.396936948543264','68.33564903039546','2018-12-09 13:32:58'),
	(680,18,'25.396937910463848','68.33564899385092','2018-12-09 13:32:59'),
	(681,18,'25.39693865570483','68.33564958788705','2018-12-09 13:33:00'),
	(682,18,'25.39693991308008','68.33564979954672','2018-12-09 13:33:01'),
	(683,18,'25.39694034361132','68.3356497953712','2018-12-09 13:33:02'),
	(684,18,'25.396940511177963','68.33564990159667','2018-12-09 13:33:03'),
	(685,18,'25.396941003525882','68.33564980903101','2018-12-09 13:33:04'),
	(686,18,'25.396941253530706','68.33564972966666','2018-12-09 13:33:05'),
	(687,18,'25.39694210281398','68.33565077191673','2018-12-09 13:33:06'),
	(688,18,'25.396942811266964','68.33565175802255','2018-12-09 13:33:07'),
	(689,18,'25.396942711173843','68.33565196099812','2018-12-09 13:33:08'),
	(690,18,'25.396942953529965','68.33565232873215','2018-12-09 13:33:09'),
	(691,18,'25.396943230752722','68.33565268678886','2018-12-09 13:33:10'),
	(692,18,'25.396943665938853','68.33565318506476','2018-12-09 13:33:11'),
	(693,18,'25.396943322572206','68.33565371664051','2018-12-09 13:33:12'),
	(694,18,'25.396943242234606','68.33565511934717','2018-12-09 13:33:13'),
	(695,18,'25.396943174001066','68.33565510153237','2018-12-09 13:33:14'),
	(696,18,'25.396942839225147','68.33565446924011','2018-12-09 13:33:15'),
	(697,18,'25.39694179692032','68.3356539567687','2018-12-09 13:33:16'),
	(698,18,'25.396941345158382','68.3356526303475','2018-12-09 13:33:17'),
	(699,18,'25.39694076331165','68.33565227619262','2018-12-09 13:33:18'),
	(700,18,'25.39693957693256','68.33565165122539','2018-12-09 13:33:19'),
	(701,18,'25.396938696318582','68.33565130732225','2018-12-09 13:33:20'),
	(702,18,'25.39693738703467','68.33565111697143','2018-12-09 13:33:21'),
	(703,18,'25.39693753056218','68.33565050780022','2018-12-09 13:33:22'),
	(704,18,'25.39693723028309','68.33564959097907','2018-12-09 13:33:23'),
	(705,18,'25.39693642932953','68.33564889541543','2018-12-09 13:33:24'),
	(706,18,'25.396936095569227','68.33564850902869','2018-12-09 13:33:25'),
	(707,18,'25.396935676984036','68.3356487676818','2018-12-09 13:33:26'),
	(708,18,'25.396935398880924','68.33564898868067','2018-12-09 13:33:27'),
	(709,18,'25.396935471814636','68.33564841594404','2018-12-09 13:33:28'),
	(710,18,'25.396936453416654','68.33564851281314','2018-12-09 13:33:29'),
	(711,18,'25.396937934185523','68.33564960624686','2018-12-09 13:33:30'),
	(712,18,'25.396940142571285','68.33565006524672','2018-12-09 13:33:31'),
	(713,18,'25.396941359315537','68.3356498399145','2018-12-09 13:33:32'),
	(714,18,'25.396941727395667','68.33564954786075','2018-12-09 13:33:33'),
	(715,18,'25.39694213179421','68.33564951822304','2018-12-09 13:33:34'),
	(716,18,'25.396942366823477','68.33564950517693','2018-12-09 13:33:35'),
	(717,18,'25.39694297745982','68.33564934514226','2018-12-09 13:33:36'),
	(718,18,'25.396943313614642','68.33564977981983','2018-12-09 13:33:37'),
	(719,18,'25.396943902280235','68.33565086295377','2018-12-09 13:33:38'),
	(720,18,'25.396944014017865','68.33565116101326','2018-12-09 13:33:39'),
	(721,18,'25.396943239030044','68.33565194356838','2018-12-09 13:33:40'),
	(722,18,'25.396943598850783','68.33565228998953','2018-12-09 13:33:41'),
	(723,18,'25.39694224889288','68.33565159783032','2018-12-09 13:33:42'),
	(724,18,'25.396941461618177','68.33565132305138','2018-12-09 13:33:43'),
	(725,18,'25.39693989575903','68.33565177152065','2018-12-09 13:33:44'),
	(726,18,'25.396941319680597','68.33565134104728','2018-12-09 13:33:45'),
	(727,18,'25.396936783338695','68.3356520186894','2018-12-09 13:33:46'),
	(728,18,'25.396931506939993','68.33565419694143','2018-12-09 13:33:47'),
	(729,18,'25.39693150642989','68.33565426045885','2018-12-09 13:33:48'),
	(730,18,'25.396931478692128','68.33565424525659','2018-12-09 13:33:49'),
	(731,18,'25.396931426581244','68.33565432944515','2018-12-09 13:33:50'),
	(732,18,'25.396931429095694','68.33565441572269','2018-12-09 13:33:51'),
	(733,18,'25.396931391751664','68.33565438786687','2018-12-09 13:33:52'),
	(734,18,'25.396931337824604','68.33565439040822','2018-12-09 13:33:53'),
	(735,18,'25.39693127396613','68.33565440072422','2018-12-09 13:33:54'),
	(736,18,'25.39693123527533','68.33565437334833','2018-12-09 13:33:55'),
	(737,18,'25.396931198503108','68.33565437631977','2018-12-09 13:33:56'),
	(738,18,'25.396931167362755','68.33565436488468','2018-12-09 13:33:57'),
	(739,18,'25.3969311594893','68.33565435528622','2018-12-09 13:33:58'),
	(740,18,'25.39693113220005','68.3356543480637','2018-12-09 13:33:59'),
	(741,18,'25.396931102766914','68.33565435940949','2018-12-09 13:34:00'),
	(742,18,'25.39693109251451','68.33565439204834','2018-12-09 13:34:01'),
	(743,18,'25.396931084846987','68.33565448111962','2018-12-09 13:34:02'),
	(744,18,'25.396931077011853','68.33565451582109','2018-12-09 13:34:03'),
	(745,18,'25.396931089939397','68.33565460162534','2018-12-09 13:34:04'),
	(746,18,'25.396931051539518','68.33565456324602','2018-12-09 13:34:05'),
	(747,18,'25.396931007982058','68.33565451601139','2018-12-09 13:34:06'),
	(748,18,'25.396930984941637','68.33565445870472','2018-12-09 13:34:07'),
	(749,18,'25.396930966208004','68.33565445972515','2018-12-09 13:34:08'),
	(750,18,'25.396930982678082','68.33565444368901','2018-12-09 13:34:09'),
	(751,18,'25.396931124771164','68.33565436044907','2018-12-09 13:34:10'),
	(752,18,'25.396935832302564','68.33565464947591','2018-12-09 13:34:11'),
	(753,18,'25.396935799010965','68.3356546747437','2018-12-09 13:34:12'),
	(754,18,'25.39693588370903','68.33565460636925','2018-12-09 13:34:13'),
	(755,18,'25.39693595116694','68.33565443253039','2018-12-09 13:34:14'),
	(756,18,'25.396936003792348','68.33565429849689','2018-12-09 13:34:15'),
	(757,18,'25.39693595972954','68.33565417903527','2018-12-09 13:34:16'),
	(758,18,'25.396935896046585','68.33565414917261','2018-12-09 13:34:17'),
	(759,18,'25.396935784502293','68.33565408553368','2018-12-09 13:34:18'),
	(760,18,'25.39693564860641','68.33565404509135','2018-12-09 13:34:19'),
	(761,18,'25.396935533109193','68.33565402827506','2018-12-09 13:34:20'),
	(762,18,'25.396935414535626','68.33565397406014','2018-12-09 13:34:21'),
	(763,18,'25.396935314795503','68.3356539036908','2018-12-09 13:34:22'),
	(764,18,'25.396935260950688','68.33565380479537','2018-12-09 13:34:23'),
	(765,18,'25.39693515441027','68.33565379053128','2018-12-09 13:34:24'),
	(766,18,'25.396935107563433','68.33565376108997','2018-12-09 13:34:25'),
	(767,18,'25.39693512255364','68.3356536545053','2018-12-09 13:34:26'),
	(768,18,'25.39693511721916','68.33565355546801','2018-12-09 13:34:27'),
	(769,18,'25.396935027807665','68.33565349798934','2018-12-09 13:34:28'),
	(770,18,'25.396935018995226','68.33565339066239','2018-12-09 13:34:29'),
	(771,18,'25.396934955529854','68.33565320906622','2018-12-09 13:34:30'),
	(772,18,'25.396934909163733','68.33565305165328','2018-12-09 13:34:31'),
	(773,18,'25.396934877184968','68.33565291729519','2018-12-09 13:34:32'),
	(774,18,'25.39693482503652','68.33565275032929','2018-12-09 13:34:33'),
	(775,18,'25.396934801472486','68.3356526063485','2018-12-09 13:34:34'),
	(776,18,'25.396934794258062','68.33565249794587','2018-12-09 13:34:35'),
	(777,18,'25.39693474147502','68.33565242581167','2018-12-09 13:34:36'),
	(778,18,'25.396934697682127','68.33565239671755','2018-12-09 13:34:37'),
	(779,18,'25.3969346527618','68.33565235454591','2018-12-09 13:34:38'),
	(780,18,'25.39693462541932','68.3356523333328','2018-12-09 13:34:39'),
	(781,18,'25.396934640574166','68.33565225310666','2018-12-09 13:34:40'),
	(782,18,'25.396934665899888','68.33565217635146','2018-12-09 13:34:41'),
	(783,18,'25.396934699015432','68.33565215275316','2018-12-09 13:34:42'),
	(784,18,'25.396934707748585','68.33565208103563','2018-12-09 13:34:43'),
	(785,18,'25.396934682993223','68.33565189155901','2018-12-09 13:34:44'),
	(786,18,'25.396934619169535','68.33565181750625','2018-12-09 13:34:45'),
	(787,18,'25.396934652644084','68.33565178494533','2018-12-09 13:34:46'),
	(788,18,'25.396934686870686','68.33565178611794','2018-12-09 13:34:47'),
	(789,18,'25.39693466900665','68.33565176365065','2018-12-09 13:34:48'),
	(790,18,'25.396934632675556','68.33565176427716','2018-12-09 13:34:49'),
	(791,18,'25.39693457612167','68.33565171978202','2018-12-09 13:34:50'),
	(792,18,'25.396934550457676','68.33565164117938','2018-12-09 13:34:51'),
	(793,18,'25.396934524041466','68.33565160707974','2018-12-09 13:34:52'),
	(794,18,'25.39693449666706','68.33565161800281','2018-12-09 13:34:53'),
	(795,18,'25.396934463407455','68.33565157024161','2018-12-09 13:34:54'),
	(796,18,'25.396934431794055','68.33565148771434','2018-12-09 13:34:55'),
	(797,18,'25.39693436205082','68.33565141809954','2018-12-09 13:34:56'),
	(798,18,'25.39693432495598','68.33565136352428','2018-12-09 13:34:57'),
	(799,18,'25.396934330105722','68.33565132793075','2018-12-09 13:34:58'),
	(800,18,'25.396934297055957','68.33565134113178','2018-12-09 13:34:59'),
	(801,18,'25.396934266932057','68.33565139241439','2018-12-09 13:35:00'),
	(802,18,'25.39693425699339','68.33565142120558','2018-12-09 13:35:01'),
	(803,18,'25.396934310136793','68.33565145537659','2018-12-09 13:35:02'),
	(804,18,'25.396934308882784','68.33565146677199','2018-12-09 13:35:03'),
	(805,18,'25.396934275300573','68.33565151374147','2018-12-09 13:35:04'),
	(806,18,'25.3969342737133','68.33565149349911','2018-12-09 13:35:05'),
	(807,18,'25.39693427045291','68.3356515399022','2018-12-09 13:35:06'),
	(808,18,'25.39693427404819','68.33565159528887','2018-12-09 13:35:07'),
	(809,18,'25.396934263476545','68.33565162344743','2018-12-09 13:35:08'),
	(810,18,'25.39693424344312','68.33565165294539','2018-12-09 13:35:09'),
	(811,18,'25.39693417111012','68.33565168139529','2018-12-09 13:35:10'),
	(812,18,'25.396934121569934','68.33565170718849','2018-12-09 13:35:11'),
	(813,18,'25.396934029138418','68.33565177694426','2018-12-09 13:35:12'),
	(814,18,'25.396933972489496','68.33565181716395','2018-12-09 13:35:13'),
	(815,18,'25.396933995516424','68.33565182066428','2018-12-09 13:35:14'),
	(816,18,'25.39693383994932','68.33565190808059','2018-12-09 13:35:15'),
	(817,18,'25.396933797702896','68.33565201714272','2018-12-09 13:35:16'),
	(818,18,'25.396933668820395','68.33565216531495','2018-12-09 13:35:17'),
	(819,18,'25.39693358525046','68.33565222691148','2018-12-09 13:35:18'),
	(820,18,'25.396933485303748','68.33565231407334','2018-12-09 13:35:19'),
	(821,18,'25.396933391592537','68.335652317583','2018-12-09 13:35:20'),
	(822,18,'25.396933268477458','68.3356523465072','2018-12-09 13:35:21'),
	(823,18,'25.396933218857768','68.335652397957','2018-12-09 13:35:22'),
	(824,18,'25.39693316956304','68.3356524089628','2018-12-09 13:35:23'),
	(825,18,'25.39693319681291','68.33565236631848','2018-12-09 13:35:24'),
	(826,18,'25.39693320932598','68.33565234285201','2018-12-09 13:35:25'),
	(827,18,'25.396933246269654','68.33565230095752','2018-12-09 13:35:26'),
	(828,18,'25.396933229795774','68.33565230894278','2018-12-09 13:35:27'),
	(829,18,'25.39693324447522','68.33565227376516','2018-12-09 13:35:28'),
	(830,18,'25.396933299287973','68.33565227682449','2018-12-09 13:35:29'),
	(831,18,'25.39693328231272','68.33565231799713','2018-12-09 13:35:30'),
	(832,18,'25.396933280629103','68.33565233938316','2018-12-09 13:35:31'),
	(833,18,'25.396933304258702','68.33565238631375','2018-12-09 13:35:32'),
	(834,18,'25.39693339242918','68.3356524003122','2018-12-09 13:35:33'),
	(835,18,'25.39693339746978','68.3356524029105','2018-12-09 13:35:34'),
	(836,18,'25.396933449361835','68.33565237742063','2018-12-09 13:35:35'),
	(837,18,'25.3969335119779','68.3356523675979','2018-12-09 13:35:36'),
	(838,18,'25.396933577039334','68.3356523598037','2018-12-09 13:35:37'),
	(839,18,'25.39693367937917','68.33565238446337','2018-12-09 13:35:38'),
	(840,18,'25.396933756920944','68.33565239044847','2018-12-09 13:35:39'),
	(841,18,'25.396933888389682','68.33565237189056','2018-12-09 13:35:40'),
	(842,18,'25.39693401501729','68.33565240005636','2018-12-09 13:35:41'),
	(843,18,'25.396934077108117','68.33565248307848','2018-12-09 13:35:42'),
	(844,18,'25.396934150100506','68.33565246141094','2018-12-09 13:35:43'),
	(845,18,'25.39693416390642','68.3356525079577','2018-12-09 13:35:44'),
	(846,18,'25.396934202621644','68.33565258134271','2018-12-09 13:35:45'),
	(847,18,'25.396934283063494','68.33565262889567','2018-12-09 13:35:46'),
	(848,18,'25.39693435060916','68.3356526407783','2018-12-09 13:35:47'),
	(849,18,'25.39693430523696','68.33565263038166','2018-12-09 13:35:48'),
	(850,18,'25.396934342692894','68.33565267872896','2018-12-09 13:35:49'),
	(851,18,'25.396934366305068','68.33565262242057','2018-12-09 13:35:50'),
	(852,18,'25.396934344970614','68.3356526117731','2018-12-09 13:35:51'),
	(853,18,'25.396934311417432','68.33565259017335','2018-12-09 13:35:52'),
	(854,18,'25.39693429250552','68.33565255501657','2018-12-09 13:35:53'),
	(855,18,'25.39693426644491','68.33565250640247','2018-12-09 13:35:54'),
	(856,18,'25.396934239224024','68.33565245349533','2018-12-09 13:35:55'),
	(857,18,'25.396934251764986','68.33565239473025','2018-12-09 13:35:56'),
	(858,18,'25.39693422376849','68.33565241464272','2018-12-09 13:35:57'),
	(859,18,'25.39693421753169','68.33565242120898','2018-12-09 13:35:58'),
	(860,18,'25.396934188433676','68.33565242566432','2018-12-09 13:35:59'),
	(861,18,'25.39693421152548','68.33565240873149','2018-12-09 13:36:00'),
	(862,18,'25.396934259964876','68.33565240488171','2018-12-09 13:36:01'),
	(863,18,'25.3969342471005','68.3356523541738','2018-12-09 13:36:02'),
	(864,18,'25.39693421225432','68.33565229150675','2018-12-09 13:36:03'),
	(865,18,'25.396934164031077','68.33565228323332','2018-12-09 13:36:04'),
	(866,18,'25.396934145810608','68.33565226507433','2018-12-09 13:36:05'),
	(867,18,'25.39693409342957','68.33565227293272','2018-12-09 13:36:06'),
	(868,18,'25.39693403432052','68.33565224147723','2018-12-09 13:36:07'),
	(869,18,'25.396933983330253','68.33565223355235','2018-12-09 13:36:08'),
	(870,18,'25.396933999713312','68.33565217356056','2018-12-09 13:36:09'),
	(871,18,'25.396933996177744','68.33565215257188','2018-12-09 13:36:10'),
	(872,18,'25.39693402928158','68.33565208946119','2018-12-09 13:36:11'),
	(873,18,'25.396934010464058','68.33565206824889','2018-12-09 13:36:12'),
	(874,18,'25.39693420526135','68.33565196148368','2018-12-09 13:36:13'),
	(875,18,'25.396934843893725','68.33565127179695','2018-12-09 13:36:14'),
	(876,18,'25.39693517155871','68.33565090143279','2018-12-09 13:36:15'),
	(877,18,'25.396935326711436','68.3356507676294','2018-12-09 13:36:16'),
	(878,18,'25.39693563641629','68.33565035327376','2018-12-09 13:36:17'),
	(879,18,'25.396935888091456','68.33564976643827','2018-12-09 13:36:18'),
	(880,18,'25.39693600568115','68.33565016657369','2018-12-09 13:36:19'),
	(881,18,'25.396936303962534','68.33565019611652','2018-12-09 13:36:20'),
	(882,18,'25.396936274087597','68.33565017934527','2018-12-09 13:36:21'),
	(883,18,'25.396936565786753','68.33564987236012','2018-12-09 13:36:22'),
	(884,18,'25.396936882242276','68.33564940874265','2018-12-09 13:36:23'),
	(885,18,'25.396936886172835','68.33564884096177','2018-12-09 13:36:24'),
	(886,18,'25.39693661460509','68.33564822078031','2018-12-09 13:36:25'),
	(887,18,'25.396936438393485','68.3356478540636','2018-12-09 13:36:26'),
	(888,18,'25.396937069866883','68.33564759572496','2018-12-09 13:36:27'),
	(889,18,'25.396941968444185','68.33564789362713','2018-12-09 13:36:28'),
	(890,18,'25.396949996587605','68.33564704425014','2018-12-09 13:36:29'),
	(891,18,'25.396950059006187','68.33564699767237','2018-12-09 13:36:30'),
	(892,18,'25.396950123920192','68.33564697509038','2018-12-09 13:36:31'),
	(893,18,'25.396950183388793','68.33564692498915','2018-12-09 13:36:32'),
	(894,18,'25.396950228029755','68.33564687416383','2018-12-09 13:36:33'),
	(895,18,'25.396950257576407','68.33564681670575','2018-12-09 13:36:34'),
	(896,18,'25.396950279970564','68.33564675206424','2018-12-09 13:36:35'),
	(897,18,'25.39695023890607','68.33564674886753','2018-12-09 13:36:36'),
	(898,18,'25.39695035516462','68.33564664706407','2018-12-09 13:36:37'),
	(899,18,'25.39695040040934','68.3356465750089','2018-12-09 13:36:38'),
	(900,18,'25.396950426695916','68.33564649630698','2018-12-09 13:36:39'),
	(901,18,'25.396950474730215','68.33564642341378','2018-12-09 13:36:40'),
	(902,18,'25.396950503763925','68.33564640558096','2018-12-09 13:36:41'),
	(903,18,'25.39695061716304','68.33564633211228','2018-12-09 13:36:42'),
	(904,18,'25.396950727835694','68.33564626848344','2018-12-09 13:36:43'),
	(905,18,'25.396950878907813','68.33564620014172','2018-12-09 13:36:44'),
	(906,18,'25.396950988902674','68.33564614282004','2018-12-09 13:36:45'),
	(907,18,'25.396951131021975','68.33564607578408','2018-12-09 13:36:46'),
	(908,18,'25.39695123924172','68.33564599459737','2018-12-09 13:36:47'),
	(909,18,'25.39695129985236','68.33564595532314','2018-12-09 13:36:48'),
	(910,18,'25.39695126373777','68.33564597847658','2018-12-09 13:36:49'),
	(911,18,'25.396951214512043','68.33564598715732','2018-12-09 13:36:50'),
	(912,18,'25.396951167381793','68.33564598093815','2018-12-09 13:36:51'),
	(913,18,'25.396951115750912','68.3356459398134','2018-12-09 13:36:52'),
	(914,18,'25.39695117226569','68.3356458333416','2018-12-09 13:36:53'),
	(915,18,'25.39695119064779','68.33564578259299','2018-12-09 13:36:54'),
	(916,18,'25.396951150978285','68.33564576447361','2018-12-09 13:36:55'),
	(917,18,'25.39695110722063','68.33564570989329','2018-12-09 13:36:56'),
	(918,18,'25.396951106969436','68.33564557425194','2018-12-09 13:36:57'),
	(919,18,'25.396951095027685','68.33564543540717','2018-12-09 13:36:58'),
	(920,18,'25.39695102436786','68.33564530551044','2018-12-09 13:36:59'),
	(921,18,'25.396950978972193','68.33564524139061','2018-12-09 13:37:00'),
	(922,18,'25.396950973445513','68.33564516969626','2018-12-09 13:37:01'),
	(923,18,'25.396951041355464','68.3356450613898','2018-12-09 13:37:02'),
	(924,18,'25.396951068489674','68.33564496412295','2018-12-09 13:37:03'),
	(925,18,'25.396951010266644','68.33564489865259','2018-12-09 13:37:04'),
	(926,18,'25.396950900814847','68.33564486854668','2018-12-09 13:37:05'),
	(927,18,'25.39695086349471','68.3356447686161','2018-12-09 13:37:06'),
	(928,18,'25.396950841648227','68.33564462733916','2018-12-09 13:37:07'),
	(929,18,'25.39695078476079','68.33564452175727','2018-12-09 13:37:08'),
	(930,18,'25.396950754446596','68.33564444812792','2018-12-09 13:37:09'),
	(931,18,'25.39695074025537','68.33564439162978','2018-12-09 13:37:10'),
	(932,18,'25.396950712805','68.33564435748904','2018-12-09 13:37:11'),
	(933,18,'25.396950713385742','68.33564431857751','2018-12-09 13:37:12'),
	(934,18,'25.396950691393986','68.33564427259672','2018-12-09 13:37:13'),
	(935,18,'25.396950657278413','68.33564421090223','2018-12-09 13:37:14'),
	(936,18,'25.396950624284173','68.33564418517477','2018-12-09 13:37:15'),
	(937,18,'25.39695066726781','68.33564412400163','2018-12-09 13:37:16'),
	(938,18,'25.396950667591813','68.33564406411617','2018-12-09 13:37:17'),
	(939,18,'25.396950661472406','68.33564397031894','2018-12-09 13:37:18'),
	(940,18,'25.39695068004927','68.33564385942901','2018-12-09 13:37:19'),
	(941,18,'25.396950726922913','68.33564373726503','2018-12-09 13:37:20'),
	(942,18,'25.3969506971464','68.33564363943138','2018-12-09 13:37:21'),
	(943,18,'25.39695064891359','68.33564354339138','2018-12-09 13:37:22'),
	(944,18,'25.396950580590378','68.33564347849924','2018-12-09 13:37:23'),
	(945,18,'25.396950452948378','68.33564344348727','2018-12-09 13:37:24'),
	(946,18,'25.396950274372053','68.33564340690388','2018-12-09 13:37:25'),
	(947,18,'25.39695016368323','68.33564331925217','2018-12-09 13:37:26'),
	(948,18,'25.396950004696365','68.33564325326586','2018-12-09 13:37:27'),
	(949,18,'25.396949947289798','68.33564317483513','2018-12-09 13:37:28'),
	(950,18,'25.396949905952475','68.33564311644467','2018-12-09 13:37:29'),
	(951,18,'25.396949840662842','68.33564301271987','2018-12-09 13:37:30'),
	(952,18,'25.396949811080024','68.33564291381947','2018-12-09 13:37:31'),
	(953,18,'25.3969497115549','68.33564290454756','2018-12-09 13:37:32'),
	(954,18,'25.396949666631794','68.33564286775815','2018-12-09 13:37:33'),
	(955,18,'25.39694960670674','68.33564284720548','2018-12-09 13:37:34'),
	(956,18,'25.39694955587037','68.3356428819216','2018-12-09 13:37:35'),
	(957,18,'25.396949532576627','68.33564287290976','2018-12-09 13:37:36'),
	(958,18,'25.396949487010733','68.3356428012597','2018-12-09 13:37:37'),
	(959,18,'25.396949460622235','68.33564276405684','2018-12-09 13:37:38'),
	(960,18,'25.396949352231474','68.33564274839047','2018-12-09 13:37:39'),
	(961,18,'25.396949305553296','68.33564275986879','2018-12-09 13:37:40'),
	(962,18,'25.396949284064043','68.3356427667402','2018-12-09 13:37:41'),
	(963,18,'25.39694931560574','68.33564275082523','2018-12-09 13:37:42'),
	(964,18,'25.39694932668945','68.33564273643833','2018-12-09 13:37:43'),
	(965,18,'25.396949316500443','68.33564270703205','2018-12-09 13:37:44'),
	(966,18,'25.396949314802132','68.33564267031265','2018-12-09 13:37:45'),
	(967,18,'25.396949259177692','68.33564264233999','2018-12-09 13:37:46'),
	(968,18,'25.396949207849037','68.33564268505597','2018-12-09 13:37:47'),
	(969,18,'25.39694916614224','68.33564267025146','2018-12-09 13:37:48'),
	(970,18,'25.39694913489007','68.3356425941633','2018-12-09 13:37:49'),
	(971,18,'25.39694908854249','68.33564246262799','2018-12-09 13:37:50'),
	(972,18,'25.39694907098356','68.33564233167056','2018-12-09 13:37:51'),
	(973,18,'25.39694901621628','68.33564222594941','2018-12-09 13:37:52'),
	(974,18,'25.396949010860816','68.33564211407236','2018-12-09 13:37:53'),
	(975,18,'25.396949056563535','68.33564199219863','2018-12-09 13:37:54'),
	(976,18,'25.39694909797892','68.33564189446255','2018-12-09 13:37:55'),
	(977,18,'25.396949156457097','68.33564180882986','2018-12-09 13:37:56'),
	(978,18,'25.396949210974594','68.3356417297113','2018-12-09 13:37:57'),
	(979,18,'25.396949256379013','68.33564172075957','2018-12-09 13:37:58'),
	(980,18,'25.39694934317581','68.33564175054326','2018-12-09 13:37:59'),
	(981,18,'25.396949433826496','68.3356417851209','2018-12-09 13:38:00'),
	(982,18,'25.396949547748864','68.33564187160253','2018-12-09 13:38:01'),
	(983,18,'25.396949632148143','68.3356418828824','2018-12-09 13:38:02'),
	(984,18,'25.396949738566697','68.33564188063801','2018-12-09 13:38:03'),
	(985,18,'25.396949825860727','68.33564197085256','2018-12-09 13:38:04'),
	(986,18,'25.396949908818844','68.33564200208478','2018-12-09 13:38:05'),
	(987,18,'25.39694996044176','68.33564201094643','2018-12-09 13:38:06'),
	(988,18,'25.396950098349418','68.33564196336383','2018-12-09 13:38:07'),
	(989,18,'25.396950235152776','68.33564190917578','2018-12-09 13:38:08'),
	(990,18,'25.396950319587233','68.33564186942722','2018-12-09 13:38:09'),
	(991,18,'25.396950383938073','68.33564181893892','2018-12-09 13:38:10'),
	(992,18,'25.396950449986484','68.33564185198435','2018-12-09 13:38:11'),
	(993,18,'25.396950454294466','68.33564186906608','2018-12-09 13:38:12'),
	(994,18,'25.396950446587017','68.3356418273182','2018-12-09 13:38:13'),
	(995,18,'25.396950457445417','68.33564175779551','2018-12-09 13:38:14'),
	(996,18,'25.396950459564266','68.33564173455063','2018-12-09 13:38:15'),
	(997,18,'25.396950444203647','68.33564172130713','2018-12-09 13:38:16'),
	(998,18,'25.396950413568767','68.33564172372972','2018-12-09 13:38:17'),
	(999,18,'25.396950341128484','68.33564173200439','2018-12-09 13:38:18'),
	(1000,18,'25.396950280479018','68.33564174793479','2018-12-09 13:38:19'),
	(1001,18,'25.396950224705606','68.33564173755602','2018-12-09 13:38:20'),
	(1002,18,'25.39695015616859','68.33564176581483','2018-12-09 13:38:21'),
	(1003,18,'25.396950194110122','68.33564173976424','2018-12-09 13:38:22'),
	(1004,18,'25.396950183099225','68.33564170332845','2018-12-09 13:38:23'),
	(1005,18,'25.396950182940003','68.33564168614598','2018-12-09 13:38:24'),
	(1006,18,'25.39695019161758','68.33564171368724','2018-12-09 13:38:25'),
	(1007,18,'25.396950158229455','68.33564174304162','2018-12-09 13:38:26'),
	(1008,18,'25.396950107111536','68.33564178096104','2018-12-09 13:38:27'),
	(1009,18,'25.396950027083452','68.33564177443087','2018-12-09 13:38:28'),
	(1010,18,'25.396949960730968','68.3356417006807','2018-12-09 13:38:29'),
	(1011,18,'25.396949782818623','68.33564124301954','2018-12-09 13:38:30'),
	(1012,18,'25.3969498931185','68.33564101540074','2018-12-09 13:38:31'),
	(1013,18,'25.396949698204683','68.33564073039844','2018-12-09 13:38:32'),
	(1014,18,'25.39695007616041','68.33564067480616','2018-12-09 13:38:33'),
	(1015,18,'25.396949921794782','68.33564066678126','2018-12-09 13:38:34'),
	(1016,18,'25.396950305049135','68.33564082600755','2018-12-09 13:38:35'),
	(1017,18,'25.39694995318308','68.3356418365665','2018-12-09 13:38:36'),
	(1018,18,'25.39694954712961','68.33564269395023','2018-12-09 13:38:37'),
	(1019,18,'25.396941726537086','68.33564641730483','2018-12-09 13:38:38'),
	(1020,18,'25.39693500462453','68.33565625705845','2018-12-09 13:38:39'),
	(1021,18,'25.39692737716186','68.33565906741897','2018-12-09 13:38:40'),
	(1022,18,'25.396926651761824','68.33565888930387','2018-12-09 13:38:41'),
	(1023,18,'25.39692645817683','68.33565923741786','2018-12-09 13:38:42'),
	(1024,18,'25.396925914120462','68.33565972928594','2018-12-09 13:38:43'),
	(1025,18,'25.39692582008193','68.33566041693432','2018-12-09 13:38:44'),
	(1026,18,'25.396926897517215','68.33565994565225','2018-12-09 13:38:45'),
	(1027,18,'25.396927097109586','68.33565981314301','2018-12-09 13:38:46'),
	(1028,18,'25.39692724362277','68.33565966597988','2018-12-09 13:38:47'),
	(1029,18,'25.396927385147364','68.33565972144976','2018-12-09 13:38:48'),
	(1030,18,'25.396927644589883','68.33565966634771','2018-12-09 13:38:49'),
	(1031,18,'25.39692783714849','68.33565962373768','2018-12-09 13:38:50'),
	(1032,18,'25.39692877901255','68.33565927441403','2018-12-09 13:38:51'),
	(1033,18,'25.39692903658846','68.3356593134662','2018-12-09 13:38:52'),
	(1034,18,'25.39692894598388','68.33565912958512','2018-12-09 13:38:53'),
	(1035,18,'25.396929017181247','68.33565895768366','2018-12-09 13:38:54'),
	(1036,18,'25.396928669994796','68.33565813091212','2018-12-09 13:38:55'),
	(1037,18,'25.39692873962825','68.33565793254681','2018-12-09 13:38:56'),
	(1038,18,'25.396928528147605','68.33565777314072','2018-12-09 13:38:57'),
	(1039,18,'25.39692840099184','68.33565775178758','2018-12-09 13:38:58'),
	(1040,18,'25.396928146568456','68.33565757701709','2018-12-09 13:38:59'),
	(1041,18,'25.39692806153033','68.33565686817205','2018-12-09 13:39:00'),
	(1042,18,'25.39692573829024','68.33565307492977','2018-12-09 13:39:01'),
	(1043,18,'25.396923318805932','68.3356504216908','2018-12-09 13:39:02'),
	(1044,18,'25.396923434035553','68.33564657984482','2018-12-09 13:39:03'),
	(1045,18,'25.39692707800431','68.3356430298239','2018-12-09 13:39:04'),
	(1046,18,'25.396927093945568','68.33564291431156','2018-12-09 13:39:05'),
	(1047,18,'25.396927092742413','68.33564281464486','2018-12-09 13:39:06'),
	(1048,18,'25.39692706869922','68.33564279163924','2018-12-09 13:39:07'),
	(1049,18,'25.39692708748102','68.33564277324405','2018-12-09 13:39:08'),
	(1050,18,'25.396927087567253','68.33564271173319','2018-12-09 13:39:09'),
	(1051,18,'25.396927106929557','68.33564269265158','2018-12-09 13:39:10'),
	(1052,18,'25.39692712445397','68.33564262685546','2018-12-09 13:39:11'),
	(1053,18,'25.39692708655192','68.33564261478598','2018-12-09 13:39:12'),
	(1054,18,'25.39692710373585','68.33564259736967','2018-12-09 13:39:13'),
	(1055,18,'25.396927123580955','68.335642580403','2018-12-09 13:39:14'),
	(1056,18,'25.396927181860384','68.33564250434381','2018-12-09 13:39:15'),
	(1057,18,'25.396927217331147','68.33564246453099','2018-12-09 13:39:16'),
	(1058,18,'25.39692725229558','68.33564243502724','2018-12-09 13:39:17'),
	(1059,18,'25.396927332814602','68.33564238463649','2018-12-09 13:39:18'),
	(1060,18,'25.396927359616242','68.33564235320085','2018-12-09 13:39:19'),
	(1061,18,'25.396927444862524','68.33564225500314','2018-12-09 13:39:20'),
	(1062,18,'25.396927507707673','68.33564218588035','2018-12-09 13:39:21'),
	(1063,18,'25.396927544572108','68.3356421613026','2018-12-09 13:39:22'),
	(1064,18,'25.396927623876362','68.33564207449069','2018-12-09 13:39:23'),
	(1065,18,'25.39692769673424','68.33564197960462','2018-12-09 13:39:24'),
	(1066,18,'25.39692774114044','68.33564198291893','2018-12-09 13:39:25'),
	(1067,18,'25.39692775875191','68.33564199004086','2018-12-09 13:39:26'),
	(1068,18,'25.396927746125336','68.33564194756023','2018-12-09 13:39:27'),
	(1069,18,'25.396927735758336','68.3356419088054','2018-12-09 13:39:28'),
	(1070,18,'25.396927741306676','68.33564186228746','2018-12-09 13:39:29'),
	(1071,18,'25.396927784867803','68.33564178243327','2018-12-09 13:39:30'),
	(1072,18,'25.39692785968043','68.33564163798165','2018-12-09 13:39:31'),
	(1073,18,'25.39692794087707','68.33564155229136','2018-12-09 13:39:32'),
	(1074,18,'25.396927996746342','68.33564144921529','2018-12-09 13:39:33'),
	(1075,18,'25.396928028719195','68.33564142428995','2018-12-09 13:39:34'),
	(1076,18,'25.396928039983198','68.33564141353965','2018-12-09 13:39:35'),
	(1077,18,'25.396928040112748','68.33564138478862','2018-12-09 13:39:36'),
	(1078,18,'25.39692810646537','68.33564126569266','2018-12-09 13:39:37'),
	(1079,18,'25.396928168254597','68.33564111817233','2018-12-09 13:39:38'),
	(1080,18,'25.39692825160964','68.3356409847878','2018-12-09 13:39:39'),
	(1081,18,'25.39692828342764','68.33564087449095','2018-12-09 13:39:40'),
	(1082,18,'25.396928347758795','68.33564073280743','2018-12-09 13:39:41'),
	(1083,18,'25.39692831233587','68.33564074111428','2018-12-09 13:39:42'),
	(1084,18,'25.39692833250952','68.33564076713388','2018-12-09 13:39:43'),
	(1085,18,'25.396928344163783','68.33564083124139','2018-12-09 13:39:44'),
	(1086,18,'25.396928429081047','68.33564079262584','2018-12-09 13:39:45'),
	(1087,18,'25.396928467918762','68.33564082802053','2018-12-09 13:39:46'),
	(1088,18,'25.396928494418685','68.33564073507219','2018-12-09 13:39:47'),
	(1089,18,'25.39692851685659','68.33564067920139','2018-12-09 13:39:48'),
	(1090,18,'25.396928547856056','68.33564064319556','2018-12-09 13:39:49'),
	(1091,18,'25.396928590504572','68.33564061816023','2018-12-09 13:39:50'),
	(1092,18,'25.396928662589485','68.33564056047727','2018-12-09 13:39:51'),
	(1093,18,'25.39692873466125','68.33564051679355','2018-12-09 13:39:52'),
	(1094,18,'25.396928731465916','68.33564036926094','2018-12-09 13:39:53'),
	(1095,18,'25.39692879860549','68.33564022298344','2018-12-09 13:39:54'),
	(1096,18,'25.39692887754298','68.33564011676185','2018-12-09 13:39:55'),
	(1097,18,'25.3969289153916','68.3356401250943','2018-12-09 13:39:56'),
	(1098,18,'25.396928960994995','68.33564015465161','2018-12-09 13:39:57'),
	(1099,18,'25.39692900622199','68.33564017606199','2018-12-09 13:39:58'),
	(1100,18,'25.39692906296178','68.33564021113017','2018-12-09 13:39:59'),
	(1101,18,'25.39692914745974','68.33564020157823','2018-12-09 13:40:00'),
	(1102,18,'25.396929167143607','68.33564013169476','2018-12-09 13:40:01'),
	(1103,18,'25.39692916291416','68.33564010194401','2018-12-09 13:40:02'),
	(1104,18,'25.396929126813767','68.33564001013649','2018-12-09 13:40:03'),
	(1105,18,'25.396929087365244','68.3356398984654','2018-12-09 13:40:04'),
	(1106,18,'25.396929033561392','68.33563980245775','2018-12-09 13:40:05'),
	(1107,18,'25.39692908024469','68.33563975996064','2018-12-09 13:40:06'),
	(1108,18,'25.396929126540225','68.33563966207251','2018-12-09 13:40:07'),
	(1109,18,'25.396929092282214','68.3356395974769','2018-12-09 13:40:08'),
	(1110,18,'25.396929065684198','68.33563957684687','2018-12-09 13:40:09'),
	(1111,18,'25.396929030344072','68.33563957261482','2018-12-09 13:40:10'),
	(1112,18,'25.39692907372543','68.33563951795098','2018-12-09 13:40:11'),
	(1113,18,'25.396929095648346','68.33563941466423','2018-12-09 13:40:12'),
	(1114,18,'25.39692914539012','68.33563929728781','2018-12-09 13:40:13'),
	(1115,18,'25.396929170579558','68.33563917428214','2018-12-09 13:40:14'),
	(1116,18,'25.39692921215263','68.33563904231866','2018-12-09 13:40:15'),
	(1117,18,'25.396929246993178','68.33563892580484','2018-12-09 13:40:16'),
	(1118,18,'25.39692930060883','68.33563877106357','2018-12-09 13:40:17'),
	(1119,18,'25.396929257049326','68.33563862346755','2018-12-09 13:40:18'),
	(1120,18,'25.396929197784804','68.33563845930807','2018-12-09 13:40:19'),
	(1121,18,'25.396929150250084','68.33563826984876','2018-12-09 13:40:20'),
	(1122,18,'25.39692910048055','68.33563812717824','2018-12-09 13:40:21'),
	(1123,18,'25.396929140170933','68.33563802637629','2018-12-09 13:40:22'),
	(1124,18,'25.396929212565645','68.33563786545439','2018-12-09 13:40:23'),
	(1125,18,'25.396929268269236','68.3356378099896','2018-12-09 13:40:24'),
	(1126,18,'25.3969292762739','68.33563777568901','2018-12-09 13:40:25'),
	(1127,18,'25.396929306680992','68.3356375956101','2018-12-09 13:40:26'),
	(1128,18,'25.396929358631777','68.33563750414069','2018-12-09 13:40:27'),
	(1129,18,'25.39692940023062','68.3356374526099','2018-12-09 13:40:28'),
	(1130,18,'25.396929439229883','68.33563739702115','2018-12-09 13:40:29'),
	(1131,18,'25.396929468692846','68.33563737814036','2018-12-09 13:40:30'),
	(1132,18,'25.396929506518756','68.33563737427667','2018-12-09 13:40:31'),
	(1133,18,'25.39692951742247','68.33563737049671','2018-12-09 13:40:32'),
	(1134,18,'25.39692954353622','68.33563732588712','2018-12-09 13:40:33'),
	(1135,18,'25.396929604315396','68.33563728171238','2018-12-09 13:40:34'),
	(1136,18,'25.39692965487117','68.33563724802815','2018-12-09 13:40:35'),
	(1137,18,'25.39692969674391','68.33563721972935','2018-12-09 13:40:36'),
	(1138,18,'25.396929732552618','68.33563714818035','2018-12-09 13:40:37'),
	(1139,18,'25.39692980140888','68.33563713529206','2018-12-09 13:40:38'),
	(1140,18,'25.396929854336562','68.33563712848735','2018-12-09 13:40:39'),
	(1141,18,'25.396929919301442','68.33563712040076','2018-12-09 13:40:40'),
	(1142,18,'25.396929983123943','68.33563712699606','2018-12-09 13:40:41'),
	(1143,18,'25.39693000423745','68.33563711867751','2018-12-09 13:40:42'),
	(1144,18,'25.396930030906745','68.33563711627336','2018-12-09 13:40:43'),
	(1145,18,'25.396930064192645','68.33563714647923','2018-12-09 13:40:44'),
	(1146,18,'25.396930091331523','68.33563714200501','2018-12-09 13:40:45'),
	(1147,18,'25.396930111357417','68.33563715778872','2018-12-09 13:40:46'),
	(1148,18,'25.396930148570203','68.33563713480162','2018-12-09 13:40:47'),
	(1149,18,'25.396930177536927','68.33563708466706','2018-12-09 13:40:48'),
	(1150,18,'25.396930236359697','68.33563699193095','2018-12-09 13:40:49'),
	(1151,18,'25.396930273698093','68.33563702569057','2018-12-09 13:40:50'),
	(1152,18,'25.396930325451375','68.33563693623007','2018-12-09 13:40:51'),
	(1153,18,'25.39693036470933','68.33563691053958','2018-12-09 13:40:52'),
	(1154,18,'25.396930438069415','68.33563689168699','2018-12-09 13:40:53'),
	(1155,18,'25.39693049489936','68.33563690140564','2018-12-09 13:40:54'),
	(1156,18,'25.396930588532555','68.33563690036564','2018-12-09 13:40:55'),
	(1157,18,'25.39693069181756','68.33563689895753','2018-12-09 13:40:56'),
	(1158,18,'25.39693075616948','68.33563692265487','2018-12-09 13:40:57'),
	(1159,18,'25.396930823105752','68.33563694104254','2018-12-09 13:40:58'),
	(1160,18,'25.39693089244667','68.33563696842405','2018-12-09 13:40:59'),
	(1161,18,'25.396930968410224','68.33563701521493','2018-12-09 13:41:00'),
	(1162,18,'25.39693098289365','68.33563709748078','2018-12-09 13:41:01'),
	(1163,18,'25.39693102452491','68.3356371261761','2018-12-09 13:41:02'),
	(1164,18,'25.3969310528385','68.33563712283227','2018-12-09 13:41:03'),
	(1165,18,'25.396931077317213','68.33563709892996','2018-12-09 13:41:04'),
	(1166,18,'25.39693110725834','68.33563705903707','2018-12-09 13:41:05'),
	(1167,18,'25.39693075083512','68.33563691727706','2018-12-09 13:41:06'),
	(1168,18,'25.396930496593296','68.3356364763811','2018-12-09 13:41:07'),
	(1169,18,'25.39693044752734','68.33563597229086','2018-12-09 13:41:08'),
	(1170,18,'25.396930403335627','68.33563609290353','2018-12-09 13:41:09'),
	(1171,18,'25.396930810475425','68.33563607569272','2018-12-09 13:41:10'),
	(1172,18,'25.39693131800212','68.33563623346633','2018-12-09 13:41:11'),
	(1173,18,'25.39693099657818','68.33563608455006','2018-12-09 13:41:12'),
	(1174,18,'25.396931175703617','68.33563657044363','2018-12-09 13:41:13'),
	(1175,18,'25.39693153058644','68.33563679512986','2018-12-09 13:41:14'),
	(1176,18,'25.396932370910097','68.33563636795675','2018-12-09 13:41:15'),
	(1177,18,'25.396933023782967','68.33563579142738','2018-12-09 13:41:16'),
	(1178,18,'25.396933220157017','68.33563589268655','2018-12-09 13:41:17'),
	(1179,18,'25.396933404956805','68.33563572280353','2018-12-09 13:41:18'),
	(1180,18,'25.39693328561567','68.3356353614646','2018-12-09 13:41:19'),
	(1181,18,'25.396933473306373','68.33563501722675','2018-12-09 13:41:20'),
	(1182,18,'25.396933685705662','68.33563471732843','2018-12-09 13:41:21'),
	(1183,18,'25.39693370940452','68.33563455279328','2018-12-09 13:41:22'),
	(1184,18,'25.396932939482646','68.33563591356766','2018-12-09 13:41:23'),
	(1185,18,'25.396934027686402','68.33563783969882','2018-12-09 13:41:24'),
	(1186,18,'25.39693347961266','68.33563789291993','2018-12-09 13:41:25'),
	(1187,18,'25.39693268210697','68.33564025170438','2018-12-09 13:41:26'),
	(1188,18,'25.396932723481438','68.33564023898167','2018-12-09 13:41:27'),
	(1189,18,'25.396932758445807','68.33564022762226','2018-12-09 13:41:28'),
	(1190,18,'25.39693285438178','68.33564021340212','2018-12-09 13:41:29'),
	(1191,18,'25.396932920626146','68.3356402517505','2018-12-09 13:41:30'),
	(1192,18,'25.396932988571127','68.33564032332777','2018-12-09 13:41:31'),
	(1193,18,'25.39693304436676','68.33564035192984','2018-12-09 13:41:32'),
	(1194,18,'25.396933095651605','68.33564041569737','2018-12-09 13:41:33'),
	(1195,18,'25.396933147781183','68.33564045017822','2018-12-09 13:41:34'),
	(1196,18,'25.396933200182243','68.33564045949701','2018-12-09 13:41:35'),
	(1197,18,'25.39693326472119','68.33564047539267','2018-12-09 13:41:36'),
	(1198,18,'25.396933291536325','68.33564052024396','2018-12-09 13:41:37'),
	(1199,18,'25.396933317606383','68.33564055059185','2018-12-09 13:41:38'),
	(1200,18,'25.3969333868143','68.33564053724639','2018-12-09 13:41:39'),
	(1201,18,'25.39693344887887','68.33564062001365','2018-12-09 13:41:40'),
	(1202,18,'25.39693351123949','68.33564065899601','2018-12-09 13:41:41'),
	(1203,18,'25.396933546566103','68.33564070444754','2018-12-09 13:41:42'),
	(1204,18,'25.39693356667992','68.33564076692626','2018-12-09 13:41:43'),
	(1205,18,'25.396933604770663','68.33564082811293','2018-12-09 13:41:44'),
	(1206,18,'25.39693364703459','68.33564093195984','2018-12-09 13:41:45'),
	(1207,18,'25.396933663028396','68.33564102635604','2018-12-09 13:41:46'),
	(1208,18,'25.396933736432526','68.33564108258422','2018-12-09 13:41:47'),
	(1209,18,'25.39693381114769','68.33564113253836','2018-12-09 13:41:48'),
	(1210,18,'25.396933871947034','68.33564114422802','2018-12-09 13:41:49'),
	(1211,18,'25.396933947393524','68.33564117705433','2018-12-09 13:41:50'),
	(1212,18,'25.396934067701753','68.3356411447092','2018-12-09 13:41:51'),
	(1213,18,'25.39693414165919','68.33564116093689','2018-12-09 13:41:52'),
	(1214,18,'25.396934201285156','68.33564115500373','2018-12-09 13:41:53'),
	(1215,18,'25.39693427137653','68.33564114067201','2018-12-09 13:41:54'),
	(1216,18,'25.396934375491984','68.33564115146258','2018-12-09 13:41:55'),
	(1217,18,'25.3969344479628','68.33564112781855','2018-12-09 13:41:56'),
	(1218,18,'25.39693450061888','68.33564112292427','2018-12-09 13:41:57'),
	(1219,18,'25.396934533004025','68.33564108025605','2018-12-09 13:41:58'),
	(1220,18,'25.396934559834335','68.33564100341583','2018-12-09 13:41:59'),
	(1221,18,'25.39693464995976','68.33564090782224','2018-12-09 13:42:00'),
	(1222,18,'25.39693472169858','68.33564085184632','2018-12-09 13:42:01'),
	(1223,18,'25.396934736117743','68.33564081635372','2018-12-09 13:42:02'),
	(1224,18,'25.396934775724034','68.33564076697944','2018-12-09 13:42:03'),
	(1225,18,'25.396934858626633','68.33564077945208','2018-12-09 13:42:04'),
	(1226,18,'25.39693495657626','68.33564080126308','2018-12-09 13:42:05'),
	(1227,18,'25.39693495126832','68.33564084184802','2018-12-09 13:42:06'),
	(1228,18,'25.39693498079084','68.33564084128778','2018-12-09 13:42:07'),
	(1229,18,'25.396935014134232','68.33564077730146','2018-12-09 13:42:08'),
	(1230,18,'25.396935037806532','68.33564074629238','2018-12-09 13:42:09'),
	(1231,18,'25.396935105974407','68.33564073087501','2018-12-09 13:42:10'),
	(1232,18,'25.396935129349938','68.33564071994482','2018-12-09 13:42:11'),
	(1233,18,'25.39693506606551','68.3356406729338','2018-12-09 13:42:12'),
	(1234,18,'25.396935013838647','68.33564062760908','2018-12-09 13:42:13'),
	(1235,18,'25.396934976515144','68.33564053720443','2018-12-09 13:42:14'),
	(1236,18,'25.39693489171816','68.3356404130199','2018-12-09 13:42:15'),
	(1237,18,'25.396934765179505','68.33564028425847','2018-12-09 13:42:16'),
	(1238,18,'25.396934696104825','68.33564012098236','2018-12-09 13:42:17'),
	(1239,18,'25.396934570241715','68.33564000027691','2018-12-09 13:42:18'),
	(1240,18,'25.396934511885753','68.33563985354648','2018-12-09 13:42:19'),
	(1241,18,'25.396934488963606','68.33563959907717','2018-12-09 13:42:20'),
	(1242,18,'25.396934434660345','68.33563945158595','2018-12-09 13:42:21'),
	(1243,18,'25.396934379154892','68.33563932044108','2018-12-09 13:42:22'),
	(1244,18,'25.396934378170318','68.33563921024974','2018-12-09 13:42:23'),
	(1245,18,'25.39693432530334','68.33563908947397','2018-12-09 13:42:24'),
	(1246,18,'25.396934288327298','68.33563897488334','2018-12-09 13:42:25'),
	(1247,18,'25.39693428426379','68.33563888509072','2018-12-09 13:42:26'),
	(1248,18,'25.39693429562219','68.33563880333611','2018-12-09 13:42:27'),
	(1249,18,'25.39693427949576','68.33563868193778','2018-12-09 13:42:28'),
	(1250,18,'25.396934250318353','68.33563854176856','2018-12-09 13:42:29'),
	(1251,18,'25.396934200241706','68.33563843867832','2018-12-09 13:42:30'),
	(1252,18,'25.39693419272634','68.33563836019464','2018-12-09 13:42:31'),
	(1253,18,'25.396934166918655','68.33563828606027','2018-12-09 13:42:32'),
	(1254,18,'25.396934142199175','68.33563827840193','2018-12-09 13:42:33'),
	(1255,18,'25.396934123715287','68.33563824740843','2018-12-09 13:42:34'),
	(1256,18,'25.39693407822046','68.33563819252146','2018-12-09 13:42:35'),
	(1257,18,'25.396934043465876','68.33563811843916','2018-12-09 13:42:36'),
	(1258,18,'25.396934027730506','68.33563811590493','2018-12-09 13:42:37'),
	(1259,18,'25.396933994129604','68.33563801626914','2018-12-09 13:42:38'),
	(1260,18,'25.396933970413908','68.33563786006013','2018-12-09 13:42:39'),
	(1261,18,'25.396933914680037','68.3356377064442','2018-12-09 13:42:40'),
	(1262,18,'25.396933916236165','68.33563758527661','2018-12-09 13:42:41'),
	(1263,18,'25.396933857059327','68.33563738970507','2018-12-09 13:42:42'),
	(1264,18,'25.396933855346244','68.3356372522928','2018-12-09 13:42:43'),
	(1265,18,'25.39693375050426','68.33563717867327','2018-12-09 13:42:44'),
	(1266,18,'25.396933683895348','68.3356370262969','2018-12-09 13:42:45'),
	(1267,18,'25.39693367164209','68.33563686908394','2018-12-09 13:42:46'),
	(1268,18,'25.396933551449607','68.33563673223794','2018-12-09 13:42:47'),
	(1269,18,'25.396933444698167','68.33563663832014','2018-12-09 13:42:48'),
	(1270,18,'25.39693337877026','68.33563660558','2018-12-09 13:42:49'),
	(1271,18,'25.396933297348266','68.33563658827381','2018-12-09 13:42:50'),
	(1272,18,'25.39693320723742','68.3356365711735','2018-12-09 13:42:51'),
	(1273,18,'25.396933150717928','68.33563648950577','2018-12-09 13:42:52'),
	(1274,18,'25.39693304596186','68.33563636034722','2018-12-09 13:42:53'),
	(1275,18,'25.396932926007796','68.33563621240044','2018-12-09 13:42:54'),
	(1276,18,'25.396932838274758','68.33563606115776','2018-12-09 13:42:55'),
	(1277,18,'25.39693273214302','68.33563586094836','2018-12-09 13:42:56'),
	(1278,18,'25.396932679180686','68.33563574988395','2018-12-09 13:42:57'),
	(1279,18,'25.396932627837867','68.33563566037222','2018-12-09 13:42:58'),
	(1280,18,'25.396932612682825','68.33563559192226','2018-12-09 13:42:59'),
	(1281,18,'25.39693258480246','68.33563546921422','2018-12-09 13:43:00'),
	(1282,18,'25.396932514769503','68.3356353537145','2018-12-09 13:43:01'),
	(1283,18,'25.396932474479073','68.33563536239951','2018-12-09 13:43:02'),
	(1284,18,'25.39693243073267','68.33563535490275','2018-12-09 13:43:03'),
	(1285,18,'25.396932342413777','68.3356354108809','2018-12-09 13:43:04'),
	(1286,18,'25.396932271432508','68.33563548604191','2018-12-09 13:43:05'),
	(1287,18,'25.396932274232682','68.33563540487752','2018-12-09 13:43:06'),
	(1288,18,'25.396932293111064','68.33563536119655','2018-12-09 13:43:07'),
	(1289,18,'25.396932330542395','68.33563532163335','2018-12-09 13:43:08'),
	(1290,18,'25.39693237043013','68.33563522405582','2018-12-09 13:43:09'),
	(1291,18,'25.3969324063835','68.33563521523541','2018-12-09 13:43:10'),
	(1292,18,'25.39693245375782','68.3356351482325','2018-12-09 13:43:11'),
	(1293,18,'25.396932497905645','68.33563506417373','2018-12-09 13:43:12'),
	(1294,18,'25.39693253272072','68.33563496137585','2018-12-09 13:43:13'),
	(1295,18,'25.3969325886478','68.33563489770229','2018-12-09 13:43:14'),
	(1296,18,'25.396932596907035','68.33563490542113','2018-12-09 13:43:15'),
	(1297,18,'25.39693265381598','68.33563481478237','2018-12-09 13:43:16'),
	(1298,18,'25.396932748221282','68.3356347196347','2018-12-09 13:43:17'),
	(1299,18,'25.396932826199077','68.33563462638314','2018-12-09 13:43:18'),
	(1300,18,'25.39693293130771','68.33563448308279','2018-12-09 13:43:19'),
	(1301,18,'25.39693304835862','68.33563439260384','2018-12-09 13:43:20'),
	(1302,18,'25.39693316421798','68.33563434839049','2018-12-09 13:43:21'),
	(1303,18,'25.396933271921167','68.33563433912394','2018-12-09 13:43:22'),
	(1304,18,'25.396933401004222','68.33563431215396','2018-12-09 13:43:23'),
	(1305,18,'25.396933505270678','68.33563431394172','2018-12-09 13:43:24'),
	(1306,18,'25.39693361090478','68.33563425312826','2018-12-09 13:43:25'),
	(1307,18,'25.3969337051881','68.33563413480121','2018-12-09 13:43:26'),
	(1308,18,'25.396934152746617','68.3356336270031','2018-12-09 13:43:27'),
	(1309,18,'25.396934820553472','68.33563317791406','2018-12-09 13:43:28'),
	(1310,18,'25.396936428683237','68.33563241194875','2018-12-09 13:43:29'),
	(1311,18,'25.39693738873496','68.3356322560856','2018-12-09 13:43:30'),
	(1312,18,'25.39693835028838','68.33563168054853','2018-12-09 13:43:31'),
	(1313,18,'25.39693880880821','68.33563131197795','2018-12-09 13:43:32'),
	(1314,18,'25.39693894026745','68.335630571645','2018-12-09 13:43:33'),
	(1315,18,'25.396939068490646','68.335629999638','2018-12-09 13:43:34'),
	(1316,18,'25.396939315585932','68.33562947510114','2018-12-09 13:43:35'),
	(1317,18,'25.39693998119881','68.33562856969492','2018-12-09 13:43:36'),
	(1318,18,'25.396941119445742','68.33562781794674','2018-12-09 13:43:37'),
	(1319,18,'25.396941807786817','68.33562778389346','2018-12-09 13:43:38'),
	(1320,18,'25.396942691363652','68.33562757207976','2018-12-09 13:43:39'),
	(1321,18,'25.396943199221088','68.33562718693774','2018-12-09 13:43:40'),
	(1322,18,'25.3969444313942','68.33562669186114','2018-12-09 13:43:41'),
	(1323,18,'25.396945667167433','68.33562685246903','2018-12-09 13:43:42'),
	(1324,18,'25.39694621942796','68.33562689056785','2018-12-09 13:43:43'),
	(1325,18,'25.396947373636376','68.33562721170622','2018-12-09 13:43:44'),
	(1326,18,'25.396947683839024','68.33562708673867','2018-12-09 13:43:45'),
	(1327,18,'25.396947229150868','68.33562720604449','2018-12-09 13:43:46'),
	(1328,18,'25.39694736653101','68.3356271477045','2018-12-09 13:43:47'),
	(1329,18,'25.39694745102216','68.33562745050573','2018-12-09 13:43:48'),
	(1330,18,'25.39694775658709','68.3356275179645','2018-12-09 13:43:49'),
	(1331,18,'25.396947782707077','68.33562742934079','2018-12-09 13:43:50'),
	(1332,18,'25.39694806285931','68.33562770083405','2018-12-09 13:43:51'),
	(1333,18,'25.39694877605642','68.33562808997698','2018-12-09 13:43:52'),
	(1334,18,'25.396949834916555','68.33562861955507','2018-12-09 13:43:53'),
	(1335,18,'25.39695068722928','68.33562890001853','2018-12-09 13:43:54'),
	(1336,18,'25.396951597449085','68.33562901542355','2018-12-09 13:43:55'),
	(1337,18,'25.396953063884528','68.33562901286125','2018-12-09 13:43:56'),
	(1338,18,'25.39695370659583','68.33562875958619','2018-12-09 13:43:57'),
	(1339,18,'25.39695428115699','68.33562822059965','2018-12-09 13:43:58'),
	(1340,18,'25.396954721387416','68.33562830899011','2018-12-09 13:43:59'),
	(1341,18,'25.396955173146555','68.33562864830307','2018-12-09 13:44:00'),
	(1342,18,'25.396955881038522','68.33562897272937','2018-12-09 13:44:01'),
	(1343,18,'25.396956498860877','68.33562939181978','2018-12-09 13:44:02'),
	(1344,18,'25.396957048443333','68.33563029507215','2018-12-09 13:44:03'),
	(1345,18,'25.396957291229132','68.33563123482651','2018-12-09 13:44:04'),
	(1346,18,'25.396957783676747','68.3356312873839','2018-12-09 13:44:05'),
	(1347,18,'25.396958023751473','68.33563133346685','2018-12-09 13:44:06'),
	(1348,18,'25.39695801333157','68.3356313170818','2018-12-09 13:44:07'),
	(1349,18,'25.396958260251427','68.33563083124005','2018-12-09 13:44:08'),
	(1350,18,'25.396957380641666','68.335630676425','2018-12-09 13:44:09'),
	(1351,18,'25.39695693299584','68.33563084151712','2018-12-09 13:44:10'),
	(1352,18,'25.39695681001873','68.3356307658825','2018-12-09 13:44:11'),
	(1353,18,'25.39695632926025','68.33563156711566','2018-12-09 13:44:12'),
	(1354,18,'25.396956227766797','68.33563147530904','2018-12-09 13:44:13'),
	(1355,18,'25.396956211155935','68.3356316937146','2018-12-09 13:44:14'),
	(1356,18,'25.396955900760968','68.33563187990168','2018-12-09 13:44:15'),
	(1357,18,'25.396956339012334','68.33563237975422','2018-12-09 13:44:16'),
	(1358,18,'25.396956540111283','68.33563230365854','2018-12-09 13:44:17'),
	(1359,18,'25.396956515703682','68.3356323882313','2018-12-09 13:44:18'),
	(1360,18,'25.396956723120105','68.33563242674326','2018-12-09 13:44:19'),
	(1361,18,'25.39695617699007','68.33563344675245','2018-12-09 13:44:20'),
	(1362,18,'25.396956011884647','68.33563450591572','2018-12-09 13:44:21'),
	(1363,18,'25.396955850903723','68.33563525650104','2018-12-09 13:44:22'),
	(1364,18,'25.396954977201172','68.33563542354632','2018-12-09 13:44:23'),
	(1365,18,'25.396953988010882','68.33563603769338','2018-12-09 13:44:24'),
	(1366,18,'25.39695389684689','68.33563606566747','2018-12-09 13:44:25'),
	(1367,18,'25.39695390297205','68.33563601127487','2018-12-09 13:44:26'),
	(1368,18,'25.396954178381872','68.33563618407106','2018-12-09 13:44:27'),
	(1369,18,'25.396954686439486','68.3356369112179','2018-12-09 13:44:28'),
	(1370,18,'25.396954390045895','68.33563805566672','2018-12-09 13:44:29'),
	(1371,18,'25.39695432305875','68.33563845411985','2018-12-09 13:44:30'),
	(1372,18,'25.396954103863482','68.33563947977989','2018-12-09 13:44:31'),
	(1373,18,'25.396954136182217','68.33564003467451','2018-12-09 13:44:32'),
	(1374,18,'25.396953930730625','68.33564057814914','2018-12-09 13:44:33'),
	(1375,18,'25.39695356026841','68.33564095563976','2018-12-09 13:44:34'),
	(1376,18,'25.39695296895429','68.33564178120238','2018-12-09 13:44:35'),
	(1377,18,'25.396952282224174','68.33564247835987','2018-12-09 13:44:36'),
	(1378,18,'25.39695210253555','68.33564282638939','2018-12-09 13:44:37'),
	(1379,18,'25.39695120445807','68.33564352418459','2018-12-09 13:44:38'),
	(1380,18,'25.396950822549325','68.33564449789894','2018-12-09 13:44:39'),
	(1381,18,'25.39695024024098','68.3356452515688','2018-12-09 13:44:40'),
	(1382,18,'25.39694995800013','68.33564572192313','2018-12-09 13:44:41'),
	(1383,18,'25.396949857481903','68.33564588778455','2018-12-09 13:44:42'),
	(1384,18,'25.396949125277146','68.33564602029266','2018-12-09 13:44:43'),
	(1385,18,'25.396947489233472','68.33564595306855','2018-12-09 13:44:44'),
	(1386,18,'25.39694637212441','68.33564607941611','2018-12-09 13:44:45'),
	(1387,18,'25.39694597543333','68.33564621422835','2018-12-09 13:44:46'),
	(1388,18,'25.39694579836438','68.33564639933293','2018-12-09 13:44:47'),
	(1389,18,'25.396945699037413','68.33564672350467','2018-12-09 13:44:48'),
	(1390,18,'25.39694527853124','68.33564697493593','2018-12-09 13:44:49'),
	(1391,18,'25.39694499151767','68.33564789982435','2018-12-09 13:44:50'),
	(1392,18,'25.396944638732503','68.33564809811546','2018-12-09 13:44:51'),
	(1393,18,'25.39694344164646','68.3356484516196','2018-12-09 13:44:52'),
	(1394,18,'25.39694262810682','68.335648582929','2018-12-09 13:44:53'),
	(1395,18,'25.39694188034695','68.33564878712897','2018-12-09 13:44:54'),
	(1396,18,'25.39694155775238','68.33564883164402','2018-12-09 13:44:55'),
	(1397,18,'25.39694121304857','68.33564878797377','2018-12-09 13:44:56'),
	(1398,18,'25.396940395087995','68.33564861151557','2018-12-09 13:44:57'),
	(1399,18,'25.39694007833313','68.3356485757705','2018-12-09 13:44:58'),
	(1400,18,'25.396940087300305','68.33564902249655','2018-12-09 13:44:59'),
	(1401,18,'25.396939698219768','68.33564934298325','2018-12-09 13:45:00'),
	(1402,18,'25.396938774016135','68.33564943286018','2018-12-09 13:45:01'),
	(1403,18,'25.39693848817432','68.33564954114932','2018-12-09 13:45:02'),
	(1404,18,'25.39693846029183','68.33564979785281','2018-12-09 13:45:03'),
	(1405,18,'25.396938213556','68.33564958898009','2018-12-09 13:45:04'),
	(1406,18,'25.39693784436478','68.33565021903578','2018-12-09 13:45:05'),
	(1407,18,'25.39693752753278','68.33565054743387','2018-12-09 13:45:06'),
	(1408,18,'25.39693685124479','68.33565114711502','2018-12-09 13:45:07'),
	(1409,18,'25.39693641397546','68.33565155484649','2018-12-09 13:45:08'),
	(1410,18,'25.39693602544172','68.33565184101326','2018-12-09 13:45:09'),
	(1411,18,'25.396935794946938','68.33565245933733','2018-12-09 13:45:10'),
	(1412,18,'25.39693559072535','68.33565234441383','2018-12-09 13:45:11'),
	(1413,18,'25.3969351815673','68.3356516087254','2018-12-09 13:45:12'),
	(1414,18,'25.396934424764336','68.33565028204823','2018-12-09 13:45:13'),
	(1415,18,'25.396933839377702','68.3356504326436','2018-12-09 13:45:14'),
	(1416,18,'25.396933662856657','68.33565025264097','2018-12-09 13:45:15'),
	(1417,18,'25.396933234998325','68.3356503882906','2018-12-09 13:45:16'),
	(1418,18,'25.39693317806448','68.33565001473835','2018-12-09 13:45:17'),
	(1419,18,'25.396933474108927','68.33565001296546','2018-12-09 13:45:18'),
	(1420,18,'25.396933096989226','68.33564998631519','2018-12-09 13:45:19'),
	(1421,18,'25.396932444015732','68.33564993199336','2018-12-09 13:45:20'),
	(1422,18,'25.39693185860132','68.33564919593462','2018-12-09 13:45:21'),
	(1423,18,'25.39693084184624','68.33564832770585','2018-12-09 13:45:22'),
	(1424,18,'25.396930831622512','68.3356480158447','2018-12-09 13:45:23'),
	(1425,18,'25.396929978415073','68.33564785924612','2018-12-09 13:45:24'),
	(1426,18,'25.39692884520753','68.33564749360735','2018-12-09 13:45:25'),
	(1427,18,'25.396929479132584','68.3356466037227','2018-12-09 13:45:26'),
	(1428,18,'25.396929541159235','68.33564650478246','2018-12-09 13:45:27'),
	(1429,18,'25.396929075204888','68.33564592021864','2018-12-09 13:45:28'),
	(1430,18,'25.396928996891678','68.33564577314066','2018-12-09 13:45:29'),
	(1431,18,'25.39692867723948','68.33564570395579','2018-12-09 13:45:30'),
	(1432,18,'25.39692837697126','68.33564601890032','2018-12-09 13:45:31'),
	(1433,18,'25.396928447275958','68.33564619129176','2018-12-09 13:45:32'),
	(1434,18,'25.39692832668052','68.33564619203645','2018-12-09 13:45:33'),
	(1435,18,'25.396928495143495','68.33564630074056','2018-12-09 13:45:34'),
	(1436,18,'25.396928348689745','68.33564651754199','2018-12-09 13:45:35'),
	(1437,18,'25.396928536597066','68.33564659185697','2018-12-09 13:45:36'),
	(1438,18,'25.396928408910526','68.33564675612341','2018-12-09 13:45:37'),
	(1439,18,'25.39692865313745','68.33564652852071','2018-12-09 13:45:38'),
	(1440,18,'25.39692816447675','68.33564686092937','2018-12-09 13:45:39'),
	(1441,18,'25.396927622192248','68.33564684033864','2018-12-09 13:45:40'),
	(1442,18,'25.396926603575917','68.33564695275552','2018-12-09 13:45:41'),
	(1443,18,'25.396926248325716','68.33564662713859','2018-12-09 13:45:42'),
	(1444,18,'25.396925983256544','68.33564667327094','2018-12-09 13:45:43'),
	(1445,18,'25.396925489596885','68.33564675773265','2018-12-09 13:45:44'),
	(1446,18,'25.396925063446233','68.33564697219893','2018-12-09 13:45:45'),
	(1447,18,'25.396924652978072','68.33564755984666','2018-12-09 13:45:46'),
	(1448,18,'25.396924837889106','68.3356477530253','2018-12-09 13:45:47'),
	(1449,18,'25.396925531528694','68.33564815045062','2018-12-09 13:45:48'),
	(1450,18,'25.39692498939445','68.3356486164441','2018-12-09 13:45:49'),
	(1451,18,'25.396924695074958','68.33564873853483','2018-12-09 13:45:50'),
	(1452,18,'25.396924339844276','68.33564871557455','2018-12-09 13:45:51'),
	(1453,18,'25.39692390930169','68.3356479653369','2018-12-09 13:45:52'),
	(1454,18,'25.396923292273502','68.33564800078565','2018-12-09 13:45:53'),
	(1455,18,'25.396922029751263','68.3356481325491','2018-12-09 13:45:54'),
	(1456,18,'25.39692209366709','68.33564822967504','2018-12-09 13:45:55'),
	(1457,18,'25.396921843156026','68.33564832018413','2018-12-09 13:45:56'),
	(1458,18,'25.39692180239131','68.33564800594165','2018-12-09 13:45:57'),
	(1459,18,'25.396922000365166','68.33564798132973','2018-12-09 13:45:58'),
	(1460,18,'25.39692184486191','68.33564760996818','2018-12-09 13:45:59'),
	(1461,18,'25.396921693422108','68.33564726787928','2018-12-09 13:46:00'),
	(1462,18,'25.396921425804088','68.33564715695779','2018-12-09 13:46:01'),
	(1463,18,'25.39692122311821','68.33564716193419','2018-12-09 13:46:02'),
	(1464,18,'25.396920719821807','68.33564735227122','2018-12-09 13:46:03'),
	(1465,18,'25.39692058545506','68.33564750135385','2018-12-09 13:46:04'),
	(1466,18,'25.396920521945148','68.3356481738057','2018-12-09 13:46:05'),
	(1467,18,'25.39692028967518','68.33564825334953','2018-12-09 13:46:06'),
	(1468,18,'25.39692073456014','68.33564854026629','2018-12-09 13:46:07'),
	(1469,18,'25.396919796723992','68.33564817445841','2018-12-09 13:46:08'),
	(1470,18,'25.396919225633358','68.3356482662195','2018-12-09 13:46:09'),
	(1471,18,'25.396919319905848','68.33564808731032','2018-12-09 13:46:10'),
	(1472,18,'25.396918887169655','68.33564717088268','2018-12-09 13:46:11'),
	(1473,18,'25.396918827411657','68.33564636209525','2018-12-09 13:46:12'),
	(1474,18,'25.3969191977666','68.33564579433963','2018-12-09 13:46:13'),
	(1475,18,'25.39691922562616','68.33564539490793','2018-12-09 13:46:14'),
	(1476,18,'25.396918752219502','68.33564519772963','2018-12-09 13:46:15'),
	(1477,18,'25.396918503061432','68.33564511977109','2018-12-09 13:46:16'),
	(1478,18,'25.396918453792356','68.33564509822075','2018-12-09 13:46:17'),
	(1479,18,'25.396918523216108','68.33564576629819','2018-12-09 13:46:18'),
	(1480,18,'25.396919018795533','68.3356460520788','2018-12-09 13:46:19'),
	(1481,18,'25.396919157589743','68.33564622195341','2018-12-09 13:46:20'),
	(1482,18,'25.396919020455567','68.33564654058743','2018-12-09 13:46:21'),
	(1483,18,'25.39691826706413','68.33564648414729','2018-12-09 13:46:22'),
	(1484,18,'25.396917598135413','68.33564674808711','2018-12-09 13:46:23'),
	(1485,18,'25.396916753138903','68.33564668612671','2018-12-09 13:46:24'),
	(1486,18,'25.396916882133674','68.33564618605766','2018-12-09 13:46:25'),
	(1487,18,'25.396916372921208','68.33564623218719','2018-12-09 13:46:26'),
	(1488,18,'25.39691614482722','68.33564596546461','2018-12-09 13:46:27'),
	(1489,18,'25.396915255758756','68.33564580369065','2018-12-09 13:46:28'),
	(1490,18,'25.39691496379039','68.33564575691551','2018-12-09 13:46:29'),
	(1491,18,'25.396914524509977','68.33564588569321','2018-12-09 13:46:30'),
	(1492,18,'25.396914386722177','68.3356459230244','2018-12-09 13:46:31'),
	(1493,18,'25.396913921971368','68.33564572527517','2018-12-09 13:46:32'),
	(1494,18,'25.396913160335803','68.33564535013629','2018-12-09 13:46:33'),
	(1495,18,'25.39691303669269','68.33564530742507','2018-12-09 13:46:34'),
	(1496,18,'25.396912817760217','68.33564503770224','2018-12-09 13:46:35'),
	(1497,18,'25.396912782979413','68.33564470209302','2018-12-09 13:46:36'),
	(1498,18,'25.396913031817107','68.33564483949782','2018-12-09 13:46:37'),
	(1499,18,'25.396913117519208','68.33564465808051','2018-12-09 13:46:38'),
	(1500,18,'25.396912854007866','68.33564467067607','2018-12-09 13:46:39'),
	(1501,18,'25.396912998236658','68.33564457715508','2018-12-09 13:46:40'),
	(1502,18,'25.39691384269211','68.33564399649876','2018-12-09 13:46:41'),
	(1503,18,'25.39691463761237','68.33564348383725','2018-12-09 13:46:42'),
	(1504,18,'25.39691542223718','68.33564282807997','2018-12-09 13:46:43'),
	(1505,18,'25.396915933341443','68.33564282137255','2018-12-09 13:46:44'),
	(1506,18,'25.39691633835547','68.33564258868569','2018-12-09 13:46:45'),
	(1507,18,'25.396916650490482','68.3356426778497','2018-12-09 13:46:46'),
	(1508,18,'25.396917580919055','68.33564329164687','2018-12-09 13:46:47'),
	(1509,18,'25.396918031087917','68.33564365755349','2018-12-09 13:46:48'),
	(1510,18,'25.39691855793157','68.33564406172626','2018-12-09 13:46:49'),
	(1511,18,'25.3969188202444','68.33564425126418','2018-12-09 13:46:50'),
	(1512,18,'25.396919130405493','68.33564431706587','2018-12-09 13:46:51'),
	(1513,18,'25.39691940440715','68.33564452381106','2018-12-09 13:46:52'),
	(1514,18,'25.396919395799042','68.33564489384496','2018-12-09 13:46:53'),
	(1515,18,'25.396919405656714','68.33564496884732','2018-12-09 13:46:54'),
	(1516,18,'25.396919589924206','68.3356451065599','2018-12-09 13:46:55'),
	(1517,18,'25.39691966425112','68.33564457994555','2018-12-09 13:46:56'),
	(1518,18,'25.396920088335836','68.33564470777061','2018-12-09 13:46:57'),
	(1519,18,'25.39692020484722','68.33564535417445','2018-12-09 13:46:58'),
	(1520,18,'25.396920108492218','68.33564566978671','2018-12-09 13:46:59'),
	(1521,18,'25.396920454461092','68.33564576701527','2018-12-09 13:47:00'),
	(1522,18,'25.396920490544463','68.33564652093368','2018-12-09 13:47:01'),
	(1523,18,'25.396920669900343','68.33564659414023','2018-12-09 13:47:02'),
	(1524,18,'25.39692065008148','68.33564694919956','2018-12-09 13:47:03'),
	(1525,18,'25.396920877470787','68.33564699675895','2018-12-09 13:47:04'),
	(1526,18,'25.396921572775742','68.33564742554398','2018-12-09 13:47:05'),
	(1527,18,'25.39692176737309','68.33564768240501','2018-12-09 13:47:06'),
	(1528,18,'25.396922051365333','68.3356477390291','2018-12-09 13:47:07'),
	(1529,18,'25.396922106726045','68.33564754999718','2018-12-09 13:47:08'),
	(1530,18,'25.39692152513104','68.33564770135872','2018-12-09 13:47:09'),
	(1531,18,'25.39692221543335','68.33564762296157','2018-12-09 13:47:10'),
	(1532,18,'25.396922558631285','68.33564738973158','2018-12-09 13:47:11'),
	(1533,18,'25.396922670309575','68.33564732906606','2018-12-09 13:47:12'),
	(1534,18,'25.39692237071742','68.33564702376695','2018-12-09 13:47:13'),
	(1535,18,'25.39692243437871','68.33564682469218','2018-12-09 13:47:14'),
	(1536,18,'25.39692225126169','68.3356469032788','2018-12-09 13:47:15'),
	(1537,18,'25.396921825217802','68.33564640038773','2018-12-09 13:47:16'),
	(1538,18,'25.396922299395413','68.33564601674433','2018-12-09 13:47:17'),
	(1539,18,'25.39692246578802','68.33564600063545','2018-12-09 13:47:18'),
	(1540,18,'25.396922654343076','68.33564593495505','2018-12-09 13:47:19'),
	(1541,18,'25.396922740713116','68.33564613469565','2018-12-09 13:47:20'),
	(1542,18,'25.396922631749014','68.33564629319375','2018-12-09 13:47:21'),
	(1543,18,'25.396922532830583','68.3356461793112','2018-12-09 13:47:22'),
	(1544,18,'25.39692244268157','68.33564605860684','2018-12-09 13:47:23'),
	(1545,18,'25.396922166551292','68.335646039239','2018-12-09 13:47:24'),
	(1546,18,'25.396921672563522','68.33564545610712','2018-12-09 13:47:25'),
	(1547,18,'25.396921064457118','68.33564520782588','2018-12-09 13:47:26'),
	(1548,18,'25.396920812409295','68.33564470015165','2018-12-09 13:47:27'),
	(1549,18,'25.39692079478214','68.33564451569565','2018-12-09 13:47:28'),
	(1550,18,'25.39692071928087','68.3356444307202','2018-12-09 13:47:29'),
	(1551,18,'25.396920291320946','68.33564454206677','2018-12-09 13:47:30'),
	(1552,18,'25.396920200333764','68.33564448865869','2018-12-09 13:47:31'),
	(1553,18,'25.39692003148235','68.33564402665907','2018-12-09 13:47:32'),
	(1554,18,'25.396920185121985','68.335643673778','2018-12-09 13:47:33'),
	(1555,18,'25.39691996839175','68.33564304363343','2018-12-09 13:47:34'),
	(1556,18,'25.396919328207453','68.33564237338622','2018-12-09 13:47:35'),
	(1557,18,'25.396918926811853','68.33564264179982','2018-12-09 13:47:36'),
	(1558,18,'25.396918497333555','68.3356426695228','2018-12-09 13:47:37'),
	(1559,18,'25.39691808570569','68.33564253936507','2018-12-09 13:47:38'),
	(1560,18,'25.396918150728396','68.33564257209065','2018-12-09 13:47:39'),
	(1561,18,'25.39691834825195','68.33564309991924','2018-12-09 13:47:40'),
	(1562,18,'25.396918730445094','68.3356436803768','2018-12-09 13:47:41'),
	(1563,18,'25.396919189900533','68.33564414860214','2018-12-09 13:47:42'),
	(1564,18,'25.39691946549884','68.33564396126634','2018-12-09 13:47:43'),
	(1565,18,'25.396919565492393','68.33564434914162','2018-12-09 13:47:44'),
	(1566,18,'25.39691953591271','68.33564428908444','2018-12-09 13:47:45'),
	(1567,18,'25.396919341427566','68.33564440214205','2018-12-09 13:47:46'),
	(1568,18,'25.39691892165252','68.33564447545709','2018-12-09 13:47:47'),
	(1569,18,'25.396919013243373','68.33564461679458','2018-12-09 13:47:48'),
	(1570,18,'25.396918854300534','68.33564466664163','2018-12-09 13:47:49'),
	(1571,18,'25.39691885269705','68.33564481304991','2018-12-09 13:47:50'),
	(1572,18,'25.39691888191403','68.33564497290341','2018-12-09 13:47:51'),
	(1573,18,'25.396918884738255','68.33564506768981','2018-12-09 13:47:52'),
	(1574,18,'25.396918930454433','68.33564526369024','2018-12-09 13:47:53'),
	(1575,18,'25.396919459114038','68.33564543043661','2018-12-09 13:47:54'),
	(1576,18,'25.39691981975639','68.33564562103156','2018-12-09 13:47:55'),
	(1577,18,'25.396920003877206','68.33564552620199','2018-12-09 13:47:56'),
	(1578,18,'25.396920059833597','68.33564555738135','2018-12-09 13:47:57'),
	(1579,18,'25.39692045689542','68.33564577198779','2018-12-09 13:47:58'),
	(1580,18,'25.396920652595462','68.33564694539545','2018-12-09 13:47:59'),
	(1581,18,'25.396921071877394','68.33564820110098','2018-12-09 13:48:00'),
	(1582,18,'25.396921587113734','68.33564919411002','2018-12-09 13:48:01'),
	(1583,18,'25.396921484376268','68.33565033252647','2018-12-09 13:48:02'),
	(1584,18,'25.396921780837342','68.33565144027587','2018-12-09 13:48:03'),
	(1585,18,'25.396922670139904','68.33565300294077','2018-12-09 13:48:04'),
	(1586,18,'25.396923271934796','68.33565309579267','2018-12-09 13:48:05'),
	(1587,18,'25.396923562636427','68.33565315434845','2018-12-09 13:48:06'),
	(1588,18,'25.39692409240598','68.3356532253736','2018-12-09 13:48:07'),
	(1589,18,'25.396924222343912','68.33565324099524','2018-12-09 13:48:08'),
	(1590,18,'25.396924423992573','68.33565339520612','2018-12-09 13:48:09'),
	(1591,18,'25.396925146563806','68.33565394311601','2018-12-09 13:48:10'),
	(1592,18,'25.39692574923876','68.33565452254619','2018-12-09 13:48:11'),
	(1593,18,'25.396926165304567','68.33565481466684','2018-12-09 13:48:12'),
	(1594,18,'25.396926518378347','68.3356551980726','2018-12-09 13:48:13'),
	(1595,18,'25.396926737485398','68.33565525784171','2018-12-09 13:48:14'),
	(1596,18,'25.396927147005353','68.33565570798822','2018-12-09 13:48:15'),
	(1597,18,'25.39692771507673','68.3356566405575','2018-12-09 13:48:16'),
	(1598,18,'25.396928099160323','68.33565694554446','2018-12-09 13:48:17'),
	(1599,18,'25.39692871990782','68.33565707482292','2018-12-09 13:48:18'),
	(1600,18,'25.396929325982835','68.33565650337945','2018-12-09 13:48:19'),
	(1601,18,'25.396930145578814','68.33565622680183','2018-12-09 13:48:20'),
	(1602,18,'25.396931597614135','68.33565623569997','2018-12-09 13:48:21'),
	(1603,18,'25.396932614626515','68.33565591464097','2018-12-09 13:48:22'),
	(1604,18,'25.39693330295819','68.33565547958959','2018-12-09 13:48:23'),
	(1605,18,'25.39693347687667','68.33565503823829','2018-12-09 13:48:24'),
	(1606,18,'25.396933778314143','68.33565444158644','2018-12-09 13:48:25'),
	(1607,18,'25.39693390656103','68.33565477764553','2018-12-09 13:48:26'),
	(1608,18,'25.39693340338544','68.33565521184302','2018-12-09 13:48:27'),
	(1609,18,'25.396933392793255','68.33565552527496','2018-12-09 13:48:28'),
	(1610,18,'25.396933458412523','68.33565508852698','2018-12-09 13:48:29'),
	(1611,18,'25.39693318774837','68.33565446600598','2018-12-09 13:48:30'),
	(1612,18,'25.396933769632923','68.33565366398808','2018-12-09 13:48:31'),
	(1613,18,'25.396933862403444','68.33565309257634','2018-12-09 13:48:32'),
	(1614,18,'25.39693395223553','68.33565276270028','2018-12-09 13:48:33'),
	(1615,18,'25.396933069469384','68.33565269596546','2018-12-09 13:48:34'),
	(1616,18,'25.3969322941094','68.33565287492468','2018-12-09 13:48:35'),
	(1617,18,'25.396931898338185','68.33565276183448','2018-12-09 13:48:36'),
	(1618,18,'25.396931334603813','68.33565275348771','2018-12-09 13:48:37'),
	(1619,18,'25.396930974427928','68.33565246025725','2018-12-09 13:48:38'),
	(1620,18,'25.39693063341475','68.33565282096284','2018-12-09 13:48:39'),
	(1621,18,'25.396929896440394','68.33565325027936','2018-12-09 13:48:40'),
	(1622,18,'25.396929210010704','68.3356536501813','2018-12-09 13:48:41'),
	(1623,18,'25.396928596443185','68.33565357398449','2018-12-09 13:48:42'),
	(1624,18,'25.396926921099514','68.33565320464648','2018-12-09 13:48:43'),
	(1625,18,'25.39692565570723','68.33565291764246','2018-12-09 13:48:44'),
	(1626,18,'25.39692484182229','68.33565295807392','2018-12-09 13:48:45'),
	(1627,18,'25.39692468686872','68.33565300068425','2018-12-09 13:48:46'),
	(1628,18,'25.396924283930257','68.33565267512466','2018-12-09 13:48:47'),
	(1629,18,'25.396923795830403','68.33565301614397','2018-12-09 13:48:48'),
	(1630,18,'25.396923702083495','68.33565286650213','2018-12-09 13:48:49'),
	(1631,18,'25.396923772944383','68.33565257590928','2018-12-09 13:48:50'),
	(1632,18,'25.39692354930982','68.33565220659779','2018-12-09 13:48:51'),
	(1633,18,'25.396923413602188','68.3356515461234','2018-12-09 13:48:52'),
	(1634,18,'25.396923176069365','68.33565171038208','2018-12-09 13:48:53'),
	(1635,18,'25.396923452180626','68.33565184111835','2018-12-09 13:48:54'),
	(1636,18,'25.396923536596205','68.3356521446967','2018-12-09 13:48:55'),
	(1637,18,'25.396923437234964','68.33565223426146','2018-12-09 13:48:56'),
	(1638,18,'25.396923081675016','68.33565222594443','2018-12-09 13:48:57'),
	(1639,18,'25.39692286065305','68.3356522436614','2018-12-09 13:48:58'),
	(1640,18,'25.396921609664265','68.33565255769874','2018-12-09 13:48:59'),
	(1641,18,'25.396921154976866','68.33565250701413','2018-12-09 13:49:00'),
	(1642,18,'25.39692097037574','68.33565244377793','2018-12-09 13:49:01'),
	(1643,18,'25.39691975314704','68.33565242390185','2018-12-09 13:49:02'),
	(1644,18,'25.396919380178442','68.33565228378373','2018-12-09 13:49:03'),
	(1645,18,'25.39691883990062','68.33565215210676','2018-12-09 13:49:04'),
	(1646,18,'25.396918613549573','68.3356523298572','2018-12-09 13:49:05'),
	(1647,18,'25.39691807038028','68.33565279013584','2018-12-09 13:49:06'),
	(1648,18,'25.396917810129597','68.33565292011126','2018-12-09 13:49:07'),
	(1649,18,'25.39691763294745','68.33565305245472','2018-12-09 13:49:08'),
	(1650,18,'25.39691763875038','68.33565309723362','2018-12-09 13:49:09'),
	(1651,18,'25.396917631740408','68.3356530117297','2018-12-09 13:49:10'),
	(1652,18,'25.39691769748194','68.3356528214013','2018-12-09 13:49:11'),
	(1653,18,'25.396917836663004','68.33565233579166','2018-12-09 13:49:12'),
	(1654,18,'25.39691699407803','68.3356538828763','2018-12-09 13:49:13'),
	(1655,18,'25.396915841473426','68.33565570016171','2018-12-09 13:49:14'),
	(1656,18,'25.396914512965626','68.33565855708659','2018-12-09 13:49:15'),
	(1657,18,'25.396912559315215','68.33566193608742','2018-12-09 13:49:16'),
	(1658,18,'25.3969117636538','68.33566394572001','2018-12-09 13:49:17'),
	(1659,18,'25.39691076684359','68.33566593810156','2018-12-09 13:49:18'),
	(1660,18,'25.396910231093134','68.33566791860449','2018-12-09 13:49:19'),
	(1661,18,'25.396910508133477','68.33566950777788','2018-12-09 13:49:20'),
	(1662,18,'25.39691067823028','68.33567021430888','2018-12-09 13:49:21'),
	(1663,18,'25.396910556976646','68.33567103544455','2018-12-09 13:49:22'),
	(1664,18,'25.396910694099386','68.33567166646573','2018-12-09 13:49:23'),
	(1665,18,'25.396910043818334','68.33567315322736','2018-12-09 13:49:24'),
	(1666,18,'25.39691000667208','68.335674367122','2018-12-09 13:49:25'),
	(1667,18,'25.396910049798958','68.3356742680319','2018-12-09 13:49:26'),
	(1668,18,'25.396910059725432','68.33567434313387','2018-12-09 13:49:27'),
	(1669,18,'25.39691016318821','68.33567442232672','2018-12-09 13:49:28'),
	(1670,18,'25.39691017179082','68.33567494043393','2018-12-09 13:49:29'),
	(1671,18,'25.39691011632668','68.3356748953391','2018-12-09 13:49:30'),
	(1672,18,'25.39690956435293','68.33567539612301','2018-12-09 13:49:31'),
	(1673,18,'25.396909962457855','68.3356756632869','2018-12-09 13:49:32'),
	(1674,18,'25.396910828185728','68.33567686832187','2018-12-09 13:49:33'),
	(1675,18,'25.396911139735757','68.33567781704834','2018-12-09 13:49:34'),
	(1676,18,'25.396913074891916','68.33568081292039','2018-12-09 13:49:35'),
	(1677,18,'25.396910404795303','68.33568295610077','2018-12-09 13:49:36'),
	(1678,18,'25.39691039699709','68.33568296829822','2018-12-09 13:49:37'),
	(1679,18,'25.396910375758047','68.33568299300526','2018-12-09 13:49:38'),
	(1680,18,'25.3969103496836','68.33568301037167','2018-12-09 13:49:39'),
	(1681,18,'25.39691032932954','68.33568302270866','2018-12-09 13:49:40'),
	(1682,18,'25.396910410407237','68.33568313802289','2018-12-09 13:49:41'),
	(1683,18,'25.396910428335627','68.33568319067169','2018-12-09 13:49:42'),
	(1684,18,'25.396910492356632','68.33568326565913','2018-12-09 13:49:43'),
	(1685,18,'25.39691055811371','68.33568329099269','2018-12-09 13:49:44'),
	(1686,18,'25.396910615629935','68.33568330411948','2018-12-09 13:49:45'),
	(1687,18,'25.396910917102343','68.33568356340477','2018-12-09 13:49:46'),
	(1688,18,'25.396911898389902','68.33568379140945','2018-12-09 13:49:47'),
	(1689,18,'25.396912479225172','68.33568390449445','2018-12-09 13:49:48'),
	(1690,18,'25.396912604326037','68.33568375284594','2018-12-09 13:49:49'),
	(1691,18,'25.396914103405514','68.33568339578116','2018-12-09 13:49:50'),
	(1692,18,'25.396914213714215','68.33568331428697','2018-12-09 13:49:51'),
	(1693,18,'25.39691431962375','68.33568323620506','2018-12-09 13:49:52'),
	(1694,18,'25.396914382575588','68.3356832039154','2018-12-09 13:49:53'),
	(1695,18,'25.396914409643795','68.3356832358337','2018-12-09 13:49:54'),
	(1696,18,'25.3969143909113','68.33568322618474','2018-12-09 13:49:55'),
	(1697,18,'25.396914389955093','68.3356831983434','2018-12-09 13:49:56'),
	(1698,18,'25.39691440308904','68.33568312519785','2018-12-09 13:49:57'),
	(1699,18,'25.396914439087283','68.3356830785465','2018-12-09 13:49:58'),
	(1700,18,'25.396914479064588','68.3356830365404','2018-12-09 13:49:59'),
	(1701,18,'25.396914488913218','68.33568298703001','2018-12-09 13:50:00'),
	(1702,18,'25.39691449591404','68.33568296762364','2018-12-09 13:50:01'),
	(1703,18,'25.396914505821748','68.33568295337861','2018-12-09 13:50:02'),
	(1704,18,'25.396914550415776','68.33568285382651','2018-12-09 13:50:03'),
	(1705,18,'25.396914627197237','68.33568281075351','2018-12-09 13:50:04'),
	(1706,18,'25.396914694610242','68.3356828001727','2018-12-09 13:50:05'),
	(1707,18,'25.396914692024684','68.3356827772233','2018-12-09 13:50:06'),
	(1708,18,'25.396914673855203','68.33568276565813','2018-12-09 13:50:07'),
	(1709,18,'25.396914707700965','68.33568273344643','2018-12-09 13:50:08'),
	(1710,18,'25.396914726273295','68.33568273670946','2018-12-09 13:50:09'),
	(1711,18,'25.396914774997754','68.33568270398636','2018-12-09 13:50:10'),
	(1712,18,'25.396914867534814','68.33568265499699','2018-12-09 13:50:11'),
	(1713,18,'25.396914893441014','68.33568263317827','2018-12-09 13:50:12'),
	(1714,18,'25.39691489368951','68.33568264118051','2018-12-09 13:50:13'),
	(1715,18,'25.396914940698178','68.33568265230014','2018-12-09 13:50:14'),
	(1716,18,'25.396914934789645','68.33568264551764','2018-12-09 13:50:15'),
	(1717,18,'25.39691500058161','68.3356826408198','2018-12-09 13:50:16'),
	(1718,18,'25.396915048052897','68.33568263606682','2018-12-09 13:50:17'),
	(1719,18,'25.396915118412903','68.33568264684358','2018-12-09 13:50:18'),
	(1720,18,'25.39691515418794','68.33568269756208','2018-12-09 13:50:19'),
	(1721,18,'25.39691516834701','68.3356827597086','2018-12-09 13:50:20'),
	(1722,18,'25.396915182030348','68.33568279162346','2018-12-09 13:50:21'),
	(1723,18,'25.396915190384895','68.33568281113348','2018-12-09 13:50:22'),
	(1724,18,'25.396915200751426','68.33568285106152','2018-12-09 13:50:23'),
	(1725,18,'25.39691519904163','68.33568283990756','2018-12-09 13:50:24'),
	(1726,18,'25.396915233837287','68.33568283175646','2018-12-09 13:50:25'),
	(1727,18,'25.396915259916','68.33568276527524','2018-12-09 13:50:26'),
	(1728,18,'25.396915311489245','68.3356827192763','2018-12-09 13:50:27'),
	(1729,18,'25.396915282584914','68.33568268020294','2018-12-09 13:50:28'),
	(1730,18,'25.396915239973044','68.33568269007152','2018-12-09 13:50:29'),
	(1731,18,'25.396915268212055','68.33568265020313','2018-12-09 13:50:30'),
	(1732,18,'25.396915271416887','68.33568268056291','2018-12-09 13:50:31'),
	(1733,18,'25.39691527789531','68.33568270536976','2018-12-09 13:50:32'),
	(1734,18,'25.39691522175751','68.33568271622353','2018-12-09 13:50:33'),
	(1735,18,'25.39691513433546','68.33568272143313','2018-12-09 13:50:34'),
	(1736,18,'25.396915101995557','68.33568273015482','2018-12-09 13:50:35'),
	(1737,18,'25.396915085750194','68.33568274078398','2018-12-09 13:50:36'),
	(1738,18,'25.39691508343021','68.33568272491408','2018-12-09 13:50:37'),
	(1739,18,'25.39691507219047','68.3356827178716','2018-12-09 13:50:38'),
	(1740,18,'25.396915084922203','68.33568270539692','2018-12-09 13:50:39'),
	(1741,18,'25.396915073037167','68.3356827003908','2018-12-09 13:50:40'),
	(1742,18,'25.396915112976345','68.33568266965352','2018-12-09 13:50:41'),
	(1743,18,'25.39691512114306','68.33568261400691','2018-12-09 13:50:42'),
	(1744,18,'25.39691509941986','68.33568257793279','2018-12-09 13:50:43'),
	(1745,18,'25.396915146601707','68.33568251020317','2018-12-09 13:50:44'),
	(1746,18,'25.396915167158234','68.33568246126416','2018-12-09 13:50:45'),
	(1747,18,'25.396915183265662','68.33568241910807','2018-12-09 13:50:46'),
	(1748,18,'25.39691517674358','68.33568237316555','2018-12-09 13:50:47'),
	(1749,18,'25.396915220489152','68.3356823864848','2018-12-09 13:50:48'),
	(1750,18,'25.396915228886773','68.33568234045251','2018-12-09 13:50:49'),
	(1751,18,'25.39691527205389','68.33568228675644','2018-12-09 13:50:50'),
	(1752,18,'25.396915321772447','68.33568225758997','2018-12-09 13:50:51'),
	(1753,18,'25.39691539776997','68.33568221311991','2018-12-09 13:50:52'),
	(1754,18,'25.396915468084952','68.33568214078451','2018-12-09 13:50:53'),
	(1755,18,'25.396915568836164','68.33568214709395','2018-12-09 13:50:54'),
	(1756,18,'25.396915605649717','68.33568212813985','2018-12-09 13:50:55'),
	(1757,18,'25.396915673652586','68.33568210194474','2018-12-09 13:50:56'),
	(1758,18,'25.39691573057946','68.33568209041124','2018-12-09 13:50:57'),
	(1759,18,'25.396915734478135','68.3356820895643','2018-12-09 13:50:58'),
	(1760,18,'25.396915719061088','68.33568209818435','2018-12-09 13:50:59'),
	(1761,18,'25.396915782106273','68.33568195847808','2018-12-09 13:51:00'),
	(1762,18,'25.396915858563286','68.33568183137471','2018-12-09 13:51:01'),
	(1763,18,'25.396915865134137','68.33568175892184','2018-12-09 13:51:02'),
	(1764,18,'25.39691595353746','68.33568164033626','2018-12-09 13:51:03'),
	(1765,18,'25.39691602717369','68.33568153940632','2018-12-09 13:51:04'),
	(1766,18,'25.396916051858152','68.33568147884841','2018-12-09 13:51:05'),
	(1767,18,'25.396916138546345','68.33568138863632','2018-12-09 13:51:06'),
	(1768,18,'25.39691620735528','68.33568133003303','2018-12-09 13:51:07'),
	(1769,18,'25.396916185272683','68.33568127905062','2018-12-09 13:51:08'),
	(1770,18,'25.396916180705944','68.33568118805566','2018-12-09 13:51:09'),
	(1771,18,'25.396916189719104','68.3356811872864','2018-12-09 13:51:10'),
	(1772,18,'25.39691620327146','68.33568118836818','2018-12-09 13:51:11'),
	(1773,18,'25.396916190476126','68.33568120669388','2018-12-09 13:51:12'),
	(1774,18,'25.3969161649119','68.33568121267169','2018-12-09 13:51:13'),
	(1775,18,'25.396916220893996','68.33568122983837','2018-12-09 13:51:14'),
	(1776,18,'25.39691622928896','68.33568125222843','2018-12-09 13:51:15'),
	(1777,18,'25.396916245522938','68.33568124167292','2018-12-09 13:51:16'),
	(1778,18,'25.396916279888085','68.33568124858239','2018-12-09 13:51:17'),
	(1779,18,'25.396916300178034','68.33568132896168','2018-12-09 13:51:18'),
	(1780,18,'25.39691638207075','68.33568129820242','2018-12-09 13:51:19'),
	(1781,18,'25.396916462637396','68.33568130580406','2018-12-09 13:51:20'),
	(1782,18,'25.396916539608206','68.33568129988295','2018-12-09 13:51:21'),
	(1783,18,'25.396916590978698','68.3356812815442','2018-12-09 13:51:22'),
	(1784,18,'25.39691664719742','68.33568127216947','2018-12-09 13:51:23'),
	(1785,18,'25.396916708951547','68.33568127498563','2018-12-09 13:51:24'),
	(1786,18,'25.396916786179197','68.33568128492432','2018-12-09 13:51:25'),
	(1787,18,'25.39691679763834','68.33568125773013','2018-12-09 13:51:26'),
	(1788,18,'25.396916858849497','68.33568128278593','2018-12-09 13:51:27'),
	(1789,18,'25.39691687923382','68.33568133142221','2018-12-09 13:51:28'),
	(1790,18,'25.396916862147105','68.33568140538767','2018-12-09 13:51:29'),
	(1791,18,'25.3969168845791','68.33568145931606','2018-12-09 13:51:30'),
	(1792,18,'25.396916901693682','68.3356814793128','2018-12-09 13:51:31'),
	(1793,18,'25.39691695457758','68.33568150442679','2018-12-09 13:51:32'),
	(1794,18,'25.396916929939167','68.3356815409675','2018-12-09 13:51:33'),
	(1795,18,'25.396916869132376','68.335681598722','2018-12-09 13:51:34'),
	(1796,18,'25.39691683278439','68.33568160150072','2018-12-09 13:51:35'),
	(1797,18,'25.396916798862904','68.33568158300871','2018-12-09 13:51:36'),
	(1798,18,'25.396916191992123','68.33568217099779','2018-12-09 13:51:37'),
	(1799,18,'25.39691608624529','68.3356824072602','2018-12-09 13:51:38'),
	(1800,18,'25.39691636823443','68.33568264418396','2018-12-09 13:51:39'),
	(1801,18,'25.396917258242592','68.33568276011303','2018-12-09 13:51:40'),
	(1802,18,'25.396917543767096','68.33568286322671','2018-12-09 13:51:41'),
	(1803,18,'25.39691782610181','68.33568317730071','2018-12-09 13:51:42'),
	(1804,18,'25.396918087189935','68.33568363869145','2018-12-09 13:51:43'),
	(1805,18,'25.396916935095845','68.33568403467837','2018-12-09 13:51:44'),
	(1806,18,'25.396917260610458','68.33568446384665','2018-12-09 13:51:45'),
	(1807,18,'25.39691708901734','68.3356855153862','2018-12-09 13:51:46'),
	(1808,18,'25.39691730932709','68.33568550659895','2018-12-09 13:51:47'),
	(1809,18,'25.396917626398157','68.33568564282592','2018-12-09 13:51:48'),
	(1810,18,'25.39691835109415','68.33568473302623','2018-12-09 13:51:49'),
	(1811,18,'25.396918421224267','68.33568415742654','2018-12-09 13:51:50'),
	(1812,18,'25.396918569747836','68.33568404427736','2018-12-09 13:51:51'),
	(1813,18,'25.396918813714546','68.33568407557459','2018-12-09 13:51:52'),
	(1814,18,'25.396918617060503','68.33568394497766','2018-12-09 13:51:53'),
	(1815,18,'25.39691799253489','68.33568356898458','2018-12-09 13:51:54'),
	(1816,18,'25.396917727327004','68.3356832384585','2018-12-09 13:51:55'),
	(1817,18,'25.39691676375662','68.33568240796572','2018-12-09 13:51:56'),
	(1818,18,'25.396917081291722','68.33568070535065','2018-12-09 13:51:57'),
	(1819,18,'25.396916466136354','68.33567976842815','2018-12-09 13:51:58'),
	(1820,18,'25.396916515543136','68.33567866817123','2018-12-09 13:51:59'),
	(1821,18,'25.39691578188227','68.3356785269056','2018-12-09 13:52:00'),
	(1822,18,'25.396915150887676','68.33567832807671','2018-12-09 13:52:01'),
	(1823,18,'25.39691439039496','68.33567825939713','2018-12-09 13:52:02'),
	(1824,18,'25.39691343551691','68.33567824932288','2018-12-09 13:52:03'),
	(1825,18,'25.396913270026957','68.33567843888856','2018-12-09 13:52:04'),
	(1826,18,'25.396913138000993','68.33567839629046','2018-12-09 13:52:05'),
	(1827,18,'25.396913218586068','68.33567843655291','2018-12-09 13:52:06'),
	(1828,18,'25.39691256510143','68.33567823272543','2018-12-09 13:52:07'),
	(1829,18,'25.396912511808676','68.33567827456814','2018-12-09 13:52:08'),
	(1830,18,'25.396912907614904','68.33567805998013','2018-12-09 13:52:09'),
	(1831,18,'25.39691329075551','68.33567832542263','2018-12-09 13:52:10'),
	(1832,18,'25.396913555495914','68.33567876242176','2018-12-09 13:52:11'),
	(1833,18,'25.39691398570307','68.33567946659898','2018-12-09 13:52:12'),
	(1834,18,'25.396914821862428','68.33567995726001','2018-12-09 13:52:13'),
	(1835,18,'25.39691500024157','68.33568016982015','2018-12-09 13:52:14'),
	(1836,18,'25.396915173223405','68.33568108872791','2018-12-09 13:52:15'),
	(1837,18,'25.396915402002044','68.33568278965959','2018-12-09 13:52:16'),
	(1838,18,'25.396915542791124','68.33568358099103','2018-12-09 13:52:17'),
	(1839,18,'25.3969159592496','68.33568363658293','2018-12-09 13:52:18'),
	(1840,18,'25.39691610601223','68.33568381761586','2018-12-09 13:52:19'),
	(1841,18,'25.39691656878844','68.33568405763177','2018-12-09 13:52:20'),
	(1842,18,'25.396916799456612','68.33568411196129','2018-12-09 13:52:21'),
	(1843,18,'25.396917554029393','68.33568446419572','2018-12-09 13:52:22'),
	(1844,18,'25.39691797445909','68.33568457599377','2018-12-09 13:52:23'),
	(1845,18,'25.396918328819837','68.33568444271246','2018-12-09 13:52:24'),
	(1846,18,'25.396918510776093','68.3356839662567','2018-12-09 13:52:25'),
	(1847,18,'25.396918698473836','68.33568309500045','2018-12-09 13:52:26'),
	(1848,18,'25.396919416625888','68.33568222560898','2018-12-09 13:52:27'),
	(1849,18,'25.39692031623956','68.33568129751411','2018-12-09 13:52:28'),
	(1850,18,'25.396920686005085','68.33568082750678','2018-12-09 13:52:29'),
	(1851,18,'25.39692093599689','68.33568016154442','2018-12-09 13:52:30'),
	(1852,18,'25.396921334094774','68.33568058525236','2018-12-09 13:52:31'),
	(1853,18,'25.39692139308756','68.3356806866402','2018-12-09 13:52:32'),
	(1854,18,'25.39692156914417','68.33568084632373','2018-12-09 13:52:33'),
	(1855,18,'25.39692193126996','68.33568106219825','2018-12-09 13:52:34'),
	(1856,18,'25.396922493260572','68.33568141409148','2018-12-09 13:52:35'),
	(1857,18,'25.39692363447511','68.33568126778796','2018-12-09 13:52:36'),
	(1858,18,'25.39692496604932','68.33568118220862','2018-12-09 13:52:37'),
	(1859,18,'25.39692701194779','68.33568141036838','2018-12-09 13:52:38'),
	(1860,18,'25.39692830319816','68.33568089294256','2018-12-09 13:52:39'),
	(1861,18,'25.396928792243354','68.3356808522473','2018-12-09 13:52:40'),
	(1862,18,'25.396928767411016','68.33568071099285','2018-12-09 13:52:41'),
	(1863,18,'25.396928846068064','68.33568075846061','2018-12-09 13:52:42'),
	(1864,18,'25.39692919114209','68.33568088125647','2018-12-09 13:52:43'),
	(1865,18,'25.39692929686539','68.33568079110545','2018-12-09 13:52:44'),
	(1866,18,'25.39692937846582','68.3356807378473','2018-12-09 13:52:45'),
	(1867,18,'25.396929550716163','68.33568085773294','2018-12-09 13:52:46'),
	(1868,18,'25.396930003678705','68.33568117987507','2018-12-09 13:52:47'),
	(1869,18,'25.396930933142198','68.33568184342515','2018-12-09 13:52:48'),
	(1870,18,'25.39693184843484','68.33568227166705','2018-12-09 13:52:49'),
	(1871,18,'25.396932383564565','68.33568243329276','2018-12-09 13:52:50'),
	(1872,18,'25.3969328257549','68.33568219730759','2018-12-09 13:52:51'),
	(1873,18,'25.39693308231433','68.3356817476847','2018-12-09 13:52:52'),
	(1874,18,'25.39693285371105','68.33568133505545','2018-12-09 13:52:53'),
	(1875,18,'25.396932978306747','68.3356805225004','2018-12-09 13:52:54'),
	(1876,18,'25.396933744869912','68.33567983940281','2018-12-09 13:52:55'),
	(1877,18,'25.396933911772155','68.33567878534363','2018-12-09 13:52:56'),
	(1878,18,'25.396934844498716','68.33567796473835','2018-12-09 13:52:57'),
	(1879,18,'25.396935037531026','68.33567765733686','2018-12-09 13:52:58'),
	(1880,18,'25.396935595034186','68.33567665579153','2018-12-09 13:52:59'),
	(1881,18,'25.39693607740085','68.3356769497959','2018-12-09 13:53:00'),
	(1882,18,'25.396935943562582','68.33567726818924','2018-12-09 13:53:01'),
	(1883,18,'25.39693621621516','68.33567709404471','2018-12-09 13:53:02'),
	(1884,18,'25.396936359720584','68.33567720042521','2018-12-09 13:53:03'),
	(1885,18,'25.39693704788948','68.33567700469551','2018-12-09 13:53:04'),
	(1886,18,'25.396937072207322','68.3356771355421','2018-12-09 13:53:05'),
	(1887,18,'25.396936937232056','68.33567723731649','2018-12-09 13:53:06'),
	(1888,18,'25.39693723342419','68.335676867969','2018-12-09 13:53:07'),
	(1889,18,'25.39693687469201','68.33567699358616','2018-12-09 13:53:08'),
	(1890,18,'25.396937047034136','68.33567660023422','2018-12-09 13:53:09'),
	(1891,18,'25.39693755702711','68.33567712765444','2018-12-09 13:53:10'),
	(1892,18,'25.396937159881826','68.33567716403752','2018-12-09 13:53:11'),
	(1893,18,'25.39693705040174','68.3356774434467','2018-12-09 13:53:12'),
	(1894,18,'25.396936963852696','68.33567764188582','2018-12-09 13:53:13'),
	(1895,18,'25.396937137594314','68.33567823061911','2018-12-09 13:53:14'),
	(1896,18,'25.396937110401556','68.33567836353296','2018-12-09 13:53:15'),
	(1897,18,'25.39693791948015','68.33567822716587','2018-12-09 13:53:16'),
	(1898,18,'25.396938338013765','68.33567777403009','2018-12-09 13:53:17'),
	(1899,18,'25.396938752457718','68.33567672731685','2018-12-09 13:53:18'),
	(1900,18,'25.396938776852135','68.3356756045839','2018-12-09 13:53:19'),
	(1901,18,'25.396939295900275','68.33567494623696','2018-12-09 13:53:20'),
	(1902,18,'25.39694041569609','68.33567381946968','2018-12-09 13:53:21'),
	(1903,18,'25.39694039488968','68.33567330597494','2018-12-09 13:53:22'),
	(1904,18,'25.39694070320321','68.33567276210853','2018-12-09 13:53:23'),
	(1905,18,'25.396940989582852','68.33567259036508','2018-12-09 13:53:24'),
	(1906,18,'25.396941374079848','68.33567231375082','2018-12-09 13:53:25'),
	(1907,18,'25.396941836419785','68.33567198293507','2018-12-09 13:53:26'),
	(1908,18,'25.396942480675712','68.33567154376222','2018-12-09 13:53:27'),
	(1909,18,'25.39694347574898','68.33567086357326','2018-12-09 13:53:28'),
	(1910,18,'25.396943607332098','68.33567056816878','2018-12-09 13:53:29'),
	(1911,18,'25.3969437480703','68.3356704018316','2018-12-09 13:53:30'),
	(1912,18,'25.39694426831026','68.33566995716463','2018-12-09 13:53:31'),
	(1913,18,'25.3969450728104','68.33566958826546','2018-12-09 13:53:32'),
	(1914,18,'25.39694519637332','68.33566948230646','2018-12-09 13:53:33'),
	(1915,18,'25.39694592342334','68.33566922765827','2018-12-09 13:53:34'),
	(1916,18,'25.39694700163657','68.33566860309895','2018-12-09 13:53:35'),
	(1917,18,'25.396947801879545','68.33566745038502','2018-12-09 13:53:36'),
	(1918,18,'25.396948910988172','68.33566668440893','2018-12-09 13:53:37'),
	(1919,18,'25.396949409860486','68.3356664517782','2018-12-09 13:53:38'),
	(1920,18,'25.396950214654716','68.33566667989224','2018-12-09 13:53:39'),
	(1921,18,'25.396950885089385','68.3356668494138','2018-12-09 13:53:40'),
	(1922,18,'25.396951152597264','68.33566684770224','2018-12-09 13:53:41'),
	(1923,18,'25.396951449444977','68.33566671557001','2018-12-09 13:53:42'),
	(1924,18,'25.396951917941905','68.3356665602873','2018-12-09 13:53:43'),
	(1925,18,'25.396952114863275','68.33566629051882','2018-12-09 13:53:44'),
	(1926,18,'25.39695228466401','68.33566638293564','2018-12-09 13:53:45'),
	(1927,18,'25.39695246052869','68.33566600309344','2018-12-09 13:53:46'),
	(1928,18,'25.39695287614977','68.33566574940488','2018-12-09 13:53:47'),
	(1929,18,'25.3969531795027','68.33566579511212','2018-12-09 13:53:48'),
	(1930,18,'25.396953199265074','68.33566579038414','2018-12-09 13:53:49'),
	(1931,18,'25.39695353239303','68.33566571707016','2018-12-09 13:53:50'),
	(1932,18,'25.396953840415026','68.33566605543002','2018-12-09 13:53:51'),
	(1933,18,'25.396954578854885','68.33566664552815','2018-12-09 13:53:52'),
	(1934,18,'25.39695462499084','68.33566696601594','2018-12-09 13:53:53'),
	(1935,18,'25.39695536638672','68.33566682262196','2018-12-09 13:53:54'),
	(1936,18,'25.396956197395546','68.33566617770748','2018-12-09 13:53:55'),
	(1937,18,'25.396957193919','68.33566559775093','2018-12-09 13:53:56'),
	(1938,18,'25.396958020391235','68.33566493547616','2018-12-09 13:53:57'),
	(1939,18,'25.396959306723446','68.3356648526125','2018-12-09 13:53:58'),
	(1940,18,'25.396960009352984','68.33566534387256','2018-12-09 13:53:59'),
	(1941,18,'25.396960639393825','68.33566682407827','2018-12-09 13:54:00'),
	(1942,18,'25.396960814473257','68.3356678793337','2018-12-09 13:54:01'),
	(1943,18,'25.396961869115735','68.33566804368932','2018-12-09 13:54:02'),
	(1944,18,'25.39696207210028','68.33566817627766','2018-12-09 13:54:03'),
	(1945,18,'25.3969625058916','68.33566797107422','2018-12-09 13:54:04'),
	(1946,18,'25.39696278291596','68.33566805787542','2018-12-09 13:54:05'),
	(1947,18,'25.39696295538638','68.33566896017014','2018-12-09 13:54:06'),
	(1948,18,'25.396963163354346','68.33566925518909','2018-12-09 13:54:07'),
	(1949,18,'25.39696338454315','68.3356694288829','2018-12-09 13:54:08'),
	(1950,18,'25.39696340732589','68.33566965542882','2018-12-09 13:54:09'),
	(1951,18,'25.3969634765854','68.33566975782513','2018-12-09 13:54:10'),
	(1952,18,'25.396963466198198','68.33566971628971','2018-12-09 13:54:11'),
	(1953,18,'25.396963775044142','68.33567011263631','2018-12-09 13:54:12'),
	(1954,18,'25.39696442670375','68.33567068159348','2018-12-09 13:54:13'),
	(1955,18,'25.396964971847922','68.33567116910619','2018-12-09 13:54:14'),
	(1956,18,'25.396965135086578','68.33567145741142','2018-12-09 13:54:15'),
	(1957,18,'25.396965443283484','68.33567158823772','2018-12-09 13:54:16'),
	(1958,18,'25.396965549165365','68.33567167388361','2018-12-09 13:54:17'),
	(1959,18,'25.39696567512545','68.33567197044191','2018-12-09 13:54:18'),
	(1960,18,'25.396966391391746','68.33567207333911','2018-12-09 13:54:19'),
	(1961,18,'25.396966525243315','68.3356725377093','2018-12-09 13:54:20'),
	(1962,18,'25.396966457610024','68.3356736060023','2018-12-09 13:54:21'),
	(1963,18,'25.396965784051087','68.33567428989475','2018-12-09 13:54:22'),
	(1964,18,'25.39696542194027','68.33567453388387','2018-12-09 13:54:23'),
	(1965,18,'25.3969651383957','68.33567552394479','2018-12-09 13:54:24'),
	(1966,18,'25.396964585432862','68.33567678239041','2018-12-09 13:54:25'),
	(1967,18,'25.396963743803433','68.33567773881506','2018-12-09 13:54:26'),
	(1968,18,'25.39696271767491','68.33567866088215','2018-12-09 13:54:27'),
	(1969,18,'25.396961556707627','68.33567961185092','2018-12-09 13:54:28'),
	(1970,18,'25.39696112731848','68.33567981489472','2018-12-09 13:54:29'),
	(1971,18,'25.396961302777196','68.33568041390602','2018-12-09 13:54:30'),
	(1972,18,'25.396961680666653','68.33568096196288','2018-12-09 13:54:31'),
	(1973,18,'25.396962345734376','68.33568104727766','2018-12-09 13:54:32'),
	(1974,18,'25.396963067412443','68.33568148587777','2018-12-09 13:54:33'),
	(1975,18,'25.396963175819426','68.33568178274146','2018-12-09 13:54:34'),
	(1976,18,'25.3969633103056','68.3356824747908','2018-12-09 13:54:35'),
	(1977,18,'25.3969629602347','68.33568259863561','2018-12-09 13:54:36'),
	(1978,18,'25.396962335243042','68.33568282805868','2018-12-09 13:54:37'),
	(1979,18,'25.396960824484466','68.33568368833544','2018-12-09 13:54:38'),
	(1980,18,'25.396960739801013','68.33568382722822','2018-12-09 13:54:39'),
	(1981,18,'25.39696046491341','68.33568451242864','2018-12-09 13:54:40'),
	(1982,18,'25.396960198668953','68.33568425680092','2018-12-09 13:54:41'),
	(1983,18,'25.39696006381332','68.33568407467583','2018-12-09 13:54:42'),
	(1984,18,'25.39695954649023','68.33568376450603','2018-12-09 13:54:43'),
	(1985,18,'25.39695847433278','68.33568389596087','2018-12-09 13:54:44'),
	(1986,18,'25.396957262980386','68.3356841260875','2018-12-09 13:54:45'),
	(1987,18,'25.39695640223742','68.33568381059646','2018-12-09 13:54:46'),
	(1988,18,'25.396955783893485','68.33568330295729','2018-12-09 13:54:47'),
	(1989,18,'25.39695544781475','68.33568313283185','2018-12-09 13:54:48'),
	(1990,18,'25.39695466519999','68.3356826878421','2018-12-09 13:54:49'),
	(1991,18,'25.3969544415063','68.3356826634122','2018-12-09 13:54:50'),
	(1992,18,'25.39695410562116','68.33568266781064','2018-12-09 13:54:51'),
	(1993,18,'25.396953989246647','68.3356823921858','2018-12-09 13:54:52'),
	(1994,18,'25.396953624561824','68.33568209948214','2018-12-09 13:54:53');

/*!40000 ALTER TABLE `tracking` ENABLE KEYS */;
UNLOCK TABLES;



/*!40111 SET SQL_NOTES=@OLD_SQL_NOTES */;
/*!40101 SET SQL_MODE=@OLD_SQL_MODE */;
/*!40014 SET FOREIGN_KEY_CHECKS=@OLD_FOREIGN_KEY_CHECKS */;
/*!40101 SET CHARACTER_SET_CLIENT=@OLD_CHARACTER_SET_CLIENT */;
/*!40101 SET CHARACTER_SET_RESULTS=@OLD_CHARACTER_SET_RESULTS */;
/*!40101 SET COLLATION_CONNECTION=@OLD_COLLATION_CONNECTION */;
